,?선번호,지?번??구간,2017,2018,2019,2020,?계,startpoint,endpoint,startpoint_coor,endpoint_coor,
0,경???101,구서IC~?포IC,72947,77857,76055,71512,298371,구서IC,?포IC,"(35.2506518734081, 129.097583873429)","(35.2836618189915, 129.112115454388)",
1,,00101-1,?포IC~?포JCT,87115,77553,72053,66817,303538,?포IC,?포JCT,"(35.2836618189915, 129.112115454388)","(35.2878485817516, 129.100627098174)"
2,,00101-2,?포JCT~?산JCT,56263.97802,80723,88769,86906,312661.978,?포JCT,?산JCT,"(35.2878485817516, 129.100627098174)","(35.3307763601126, 129.034606984977)"
3,,102,?산JCT~?산IC,92536,83196,93815,89018,358565,?산JCT,?산IC,"(35.3307763601126, 129.034606984977)","(35.3788903186036, 129.05185254918)"
4,,103,?산IC~?도?하?패?IC,79675,74491,75998,71192,301356,?산IC,?도?하?패?IC,"(35.3788903186036, 129.05185254918)","(35.4886250161432, 129.089288401859)"
5,,00103-1,?도?하?패?IC~?도?IC,74121,64371,70004,68352,276848,?도?하?패?IC,?도?IC,"(35.4886250161432, 129.089288401859)","(35.50001171943, 129.095714526298)"
6,,104,?울주JCT~?울?IC,72939,63420,69585,65305,271249,?울주JCT,?울?IC,"(35.5156774497857, 129.105752358742)","(35.5540588980104, 129.124198126292)"
7,,105,?울?IC~?양JCT,66530,58349,63165,58585,246629,?울?IC,?양JCT,"(35.5540588980104, 129.124198126292)","(35.5665720346864, 129.129989748955)"
8,,106,?양JCT~?천IC,46182,48100,49435,49423,193140,?양JCT,?천IC,"(35.5665720346864, 129.129989748955)","(35.7118019293137, 129.190999625674)"
9,,00106-1,?천IC~경주IC,45003,41744,48234,45602,180583,?천IC,경주IC,"(35.7118019293137, 129.190999625674)","(35.8071150738824, 129.18511158982)"
10,,107,경주IC~건천IC,52214,46171,51423,50636,200444,경주IC,건천IC,"(35.8071150738824, 129.18511158982)","(35.8437967001662, 129.085264565435)"
11,,108,건천IC~?천JCT,52086,49441,53245,50749,205521,건천IC,?천JCT,"(35.8437967001662, 129.085264565435)","(35.9189266250469, 129.005577558903)"
12,,00108-1,?천JCT~?천IC,32401,27327,33519,30651,123898,?천JCT,?천IC,"(35.9189266250469, 129.005577558903)","(35.9223815977351, 128.95144901262)"
13,,109,?천IC~경산IC,48210,41812,50548,47778,188348,?천IC,경산IC,"(35.9223815977351, 128.95144901262)","(35.8769438549343, 128.787629807985)"
14,,110,경산IC~??구JCT,79803,69925,75133,74842,299703,경산IC,??구JCT,"(35.8769438549343, 128.787629807985)","(35.8856949969194, 128.694438187263)"
15,,00110-1,??구JCT~?동JCT,120758,105684,112831,109530,448803,??구JCT,?동JCT,"(35.8856949969194, 128.694438187263)","(35.9126274422533, 128.66249855648)"
16,,111,?동JCT~북?구IC,139002,128812,135135,132091,535040,?동JCT,북?구IC,"(35.9126274422533, 128.66249855648)","(35.9091523137389, 128.581148342511)"
17,,112,북?구IC~금호JCT,144628,138967,149595,144977,578167,북?구IC,금호JCT,"(35.9091523137389, 128.581148342511)","(35.8926208154639, 128.525211410393)"
18,,113,금호JCT~칠곡물류IC,118111,103053,107877,104824,433865,금호JCT,칠곡물류IC,"(35.8926208154639, 128.525211410393)","(35.957338926254, 128.454844764932)"
19,,00113-1,칠곡물류IC~??IC,119373,105977,113822,107716,446888,칠곡물류IC,??IC,"(35.957338926254, 128.454844764932)","(35.9773269331936, 128.432333129073)"
20,,114,??IC~?구미IC,103424,85675,92509,87956,369564,??IC,?구미IC,"(35.9773269331936, 128.432333129073)","(36.0699059538997, 128.368548335281)"
21,,115,?구미IC~구?IC,81738,77038,84450,79940,323166,?구미IC,구?IC,"(36.0699059538997, 128.368548335281)","(36.1089891068003, 128.360737259514)"
22,,116,구?IC~김천JCT,76157,69016,78833,71994,296000,구?IC,김천JCT,"(36.1089891068003, 128.360737259514)","(36.159659552209, 128.266316243841)"
23,,117,김천JCT~??천IC,43796,37115,39954,40918,161783,김천JCT,??천IC,"(36.159659552209, 128.266316243841)","(36.1359296067777, 128.176283062204)"
24,,00117-1,??천IC~김천IC,36514,35196,37798,36451,145959,??천IC,김천IC,"(36.1359296067777, 128.176283062204)","(36.1338305543988, 128.094662278176)"
25,,118,김천IC~추풍?IC,40826,40321,37699,39096,157942,김천IC,추풍?IC,"(36.1338305543988, 128.094662278176)","(36.1982677385404, 128.001982932814)"
26,,119,추풍?IC~?간IC,36393,38876,35111,33922,144302,추풍?IC,?간IC,"(36.1982677385404, 128.001982932814)","(36.2220511353395, 127.906145495141)"
27,,120,?간IC~?동IC,37606,36605,34393,34752,143356,?간IC,?동IC,"(36.2220511353395, 127.906145495141)","(36.2688047546724, 127.834127980519)"
28,,121,?동IC~금강IC,38770,37254,36495,38107,150626,?동IC,금강IC,"(36.2688047546724, 127.834127980519)","(36.2798939988474, 127.674479905779)"
29,,122,금강IC~?천IC,40140,39257,36952,39663,156012,금강IC,?천IC,"(36.2798939988474, 127.674479905779)","(36.3169854981843, 127.557818885571)"
30,,123,?천IC~비룡JCT,53316,46028,51902,50585,201831,?천IC,비룡JCT,"(36.3169854981843, 127.557818885571)","(36.345145564374, 127.482386622563)"
31,,124,비룡JCT~??IC,87611,80872,77850,74567,320900,비룡JCT,??IC,"(36.345145564374, 127.482386622563)","(36.3632908134294, 127.451202501806)"
32,,125,??IC~?덕JCT,95022,94485,88861,87917,366285,??IC,?덕JCT,"(36.3632908134294, 127.451202501806)","(36.4046768881614, 127.419317369344)"
33,,126,?덕JCT~?탄진IC,105589,106684,106330,102900,421503,?덕JCT,?탄진IC,"(36.4046768881614, 127.419317369344)","(36.4395643340658, 127.419879731732)"
34,,127,?탄진IC~?청주IC,124156,123389,115974,110006,473525,?탄진IC,?청주IC,"(36.4395643340658, 127.419879731732)","(36.5336468984498, 127.430393006131)"
35,,128,?청주IC~?JCT,127856,115970,113845,107512,465183,?청주IC,?JCT,"(36.5336468984498, 127.430393006131)","(36.5981299992502, 127.419990783512)"
36,,00128-1,?JCT~?이JCT,150848,143492,123234,125450,543024,?JCT,?이JCT,"(36.5981299992502, 127.419990783512)","(36.5647643164234, 127.430632594426)"
37,,129,?이JCT~?IC,80226,78549,78210,80840,317825,?이JCT,?IC,"(36.5647643164234, 127.430632594426)","(36.6261307751436, 127.383423382906)"
38,,130,?IC~?산?이?스IC,87298,87197,96005,98338,368838,?IC,?산?이?스IC,"(36.6261307751436, 127.383423382906)","(36.6537860231578, 127.372783644815)"
41,,131,목천IC~천안JCT,82727,84345,89929,85361,342362,목천IC,천안JCT,"(36.7596846474015, 127.217867237155)","(36.769799552082, 127.180834688802)"
42,,00131-1,천안JCT~천안IC,150957,151843,151992,148557,603349,천안JCT,천안IC,"(36.769799552082, 127.180834688802)","(36.8260720992574, 127.16862816782)"
43,,132,천안IC~북천?IC,178408,171997,176166,180070,706641,천안IC,북천?IC,"(36.8260720992574, 127.16862816782)","(36.896756121154, 127.189144358878)"
44,,00132-2,북천?IC~?성IC,164976,168208,164293,157440,654917,북천?IC,?성IC,"(36.896756121154, 127.189144358878)","(36.9950148672319, 127.15397419735)"
45,,00132-1,?성IC~?성JCT,187323,161796,183838,188440,721397,?성IC,?성JCT,"(36.9950148672319, 127.15397419735)","(37.0359784052323, 127.138986582312)"
46,,133,?성JCT~?산IC,182964,164381,174800,166623,688768,?성JCT,?산IC,"(37.0359784052323, 127.138986582312)","(37.1434517141878, 127.084192343459)"
47,,134,?산IC~?탄JCT,178362,190876,167672,169972,706882,?산IC,?탄JCT,"(37.1434517141878, 127.084192343459)","(37.1775784604366, 127.095932338504)"
48,,00134-1,?탄JCT~기흥IC,162419,161236,170884,159599,654138,?탄JCT,기흥IC,"(37.1775784604366, 127.095932338504)","(37.2222339686784, 127.10100058451)"
49,,135,기흥IC~?원?갈IC,213591,220848,210017,211996,856452,기흥IC,?원?갈IC,"(37.2222339686784, 127.10100058451)","(37.2670098653387, 127.103802197568)"
50,,136,?원?갈IC~?갈JCT,222342,200189,202530,197800,822861,?원?갈IC,?갈JCT,"(37.2670098653387, 127.103802197568)","(37.2900153417712, 127.103648843423)"
51,,137,?갈JCT~?교JCT,222127,204008,205277,201226,832638,?갈JCT,?교JCT,"(37.2900153417712, 127.103648843423)","(37.4058447047289, 127.094713623865)"
52,,00137-1,?교JCT~금토JCT,56263.97802,166060,159446,151910,533679.978,?교JCT,금토JCT,"(37.4058447047289, 127.094713623865)","(37.4154245656139, 127.084934113492)"
53,,139,금토JCT~?재IC,180449,183011,191996,181871,737327,금토JCT,?재IC,"(37.4154245656139, 127.084934113492)","(37.463533689681, 127.040009752607)"
54,?해??01001-1,?영?IC~?호?산IC,12020,12135,13010,12838,50003,?영?IC,?호?산IC,"(34.7542482804581, 126.529570699671)","(34.7362980488061, 126.574293032035)",
55,,01001-2,?호?산IC~강진무위?IC,9735,10937,10506,10316,41494,?호?산IC,강진무위?IC,"(34.7362980488061, 126.574293032035)","(34.697489718613, 126.715093359768)"
56,,01001-3,강진무위?IC~?흥IC,8568,9139,8864,8627,35198,강진무위?IC,?흥IC,"(34.697489718613, 126.715093359768)","(34.7082432518847, 126.906255822389)"
57,,01001-4,?흥IC~보성IC,9919,9424,10167,9534,39044,?흥IC,보성IC,"(34.7082432518847, 126.906255822389)","(34.8139684947201, 127.107246009774)"
58,,01001-5,보성IC~벌교IC,15624,16192,17231,16527,65574,보성IC,벌교IC,"(34.8139684947201, 127.107246009774)","(34.838592317568, 127.325594173063)"
59,,01001-6,벌교IC~고흥IC,13470,14376,14155,13386,55387,벌교IC,고흥IC,"(34.838592317568, 127.325594173063)","(34.8238831956985, 127.342028801573)"
60,,01001-7,고흥IC~?천만IC,21551,22479,24415,22904,91349,고흥IC,?천만IC,"(34.8238831956985, 127.342028801573)","(34.8970799430959, 127.479749517058)"
61,,01001-8,?천만IC~?롱IC,25983,25783,24208,23856,99830,?천만IC,?롱IC,"(34.8970799430959, 127.479749517058)","(34.9037914635394, 127.526403218184)"
62,,1001,?순천IC~?천IC,28354,28572,29473,28635,115034,?순천IC,?천IC,"(35.00316321039, 127.482966378222)","(34.9873043673664, 127.515007816256)"
63,,1002,?천IC~?천JCT,20239,21571,20417,19443,81670,?천IC,?천JCT,"(34.9873043673664, 127.515007816256)","(34.9910833303128, 127.539000973123)"
64,,01002-1,?천JCT~광양IC,23720,24778,23372,22216,94086,?천JCT,광양IC,"(34.9910833303128, 127.539000973123)","(34.973404938479, 127.603524285501)"
65,,1003,광양IC~?광?IC,33357,34477,34299,32594,134727,광양IC,?광?IC,"(34.973404938479, 127.603524285501)","(34.9592913084045, 127.654678101966)"
66,,1004,?광?IC~?곡IC,27241,29209,27761,26910,111121,?광?IC,?곡IC,"(34.9592913084045, 127.654678101966)","(34.9859955281198, 127.709493849464)"
67,,1005,?곡IC~진월IC,28041,31290,31248,28979,119558,?곡IC,진월IC,"(34.9859955281198, 127.709493849464)","(34.980203189844, 127.748264329437)"
68,,1006,진월IC~?동IC,29199,32841,30542,28563,121145,진월IC,?동IC,"(34.980203189844, 127.748264329437)","(35.0024928668401, 127.814228082654)"
69,,1007,?동IC~진교IC,33921,36819,37742,38772,147254,?동IC,진교IC,"(35.0024928668401, 127.814228082654)","(35.0411988407738, 127.905022539369)"
70,,1008,진교IC~곤양IC,39732,44663,47512,46129,178036,진교IC,곤양IC,"(35.0411988407738, 127.905022539369)","(35.0570581252732, 127.967239227241)"
71,,1009,곤양IC~축동IC,41957,40997,41332,39553,163839,곤양IC,축동IC,"(35.0570581252732, 127.967239227241)","(35.086416206663, 128.043338289723)"
72,,1010,축동IC~?천IC,44005,48304,51105,47127,190541,축동IC,?천IC,"(35.086416206663, 128.043338289723)","(35.1180883294184, 128.09085797386)"
73,,1011,?천IC~진주JCT,56512,63546,63651,59369,243078,?천IC,진주JCT,"(35.1180883294184, 128.09085797386)","(35.1381221095471, 128.098099057565)"
74,,1012,진주JCT~진주IC,59939,64636,67779,69036,261390,진주JCT,진주IC,"(35.1381221095471, 128.098099057565)","(35.1618499967227, 128.124609307566)"
75,,1013,진주IC~문산IC,62447,61214,55365,52605,231631,진주IC,문산IC,"(35.1618499967227, 128.124609307566)","(35.1722985142554, 128.160089187438)"
76,,1014,문산IC~진성IC,67627,70856,64423,63207,266113,문산IC,진성IC,"(35.1722985142554, 128.160089187438)","(35.1919426200071, 128.225646428335)"
77,,1015,진성IC~지?IC,65321,77779,68639,63280,275019,진성IC,지?IC,"(35.1919426200071, 128.225646428335)","(35.2261123650201, 128.272085330731)"
78,,1016,지?IC~군북IC,67740,72257,67882,62996,270875,지?IC,군북IC,"(35.2261123650201, 128.272085330731)","(35.2815483663297, 128.32475096861)"
79,,1017,군북IC~??IC,74291,73383,72866,67684,288224,군북IC,??IC,"(35.2815483663297, 128.32475096861)","(35.2921570271587, 128.350263815078)"
80,,1018,??IC~?안IC,85650,87775,86744,80039,340208,??IC,?안IC,"(35.2921570271587, 128.350263815078)","(35.289051743875, 128.390157407998)"
81,,1019,?안IC~?인JCT,88674,71007,81701,84148,325530,?안IC,?인JCT,"(35.289051743875, 128.390157407998)","(35.2723638807409, 128.48070870033)"
82,,01019-1,?인JCT~칠원JCT,48055,52605,50690,52568,203918,?인JCT,칠원JCT,"(35.2723638807409, 128.48070870033)","(35.2833869741149, 128.510515014013)"
83,,01019-2,칠원JCT~북창?IC,67917,73870,70948,67766,280501,칠원JCT,북창?IC,"(35.2833869741149, 128.510515014013)","(35.2866027180243, 128.605096617822)"
84,,01019-3,북창?IC~창원JCT,70085,65948,75067,68839,279939,북창?IC,창원JCT,"(35.2866027180243, 128.605096617822)","(35.2751826800915, 128.641339663334)"
85,,1024,창원JCT~?창?IC,111904,109526,112613,112102,446145,창원JCT,?창?IC,"(35.2751826800915, 128.641339663334)","(35.2778526840223, 128.694748004883)"
86,,1025,?창?IC~진영JCT,109216,99475,97257,89718,395666,?창?IC,진영JCT,"(35.2778526840223, 128.694748004883)","(35.2789407585007, 128.719814954569)"
87,,01025-1,진영JCT~진?IC,56263.97802,98319,91881,86458,332921.978,진영JCT,진?IC,"(35.2789407585007, 128.719814954569)","(35.2610677049675, 128.75547221338)"
88,,1026,진?IC~진?JCT,119406,96143,96748,91331,403628,진?IC,진?JCT,"(35.2610677049675, 128.75547221338)","(35.2295714088492, 128.773834008256)"
89,,01026-1,진?JCT~?정JCT,107110,91696,81389,83684,363879,진?JCT,?정JCT,"(35.2295714088492, 128.773834008256)","(35.2208847764815, 128.795038093969)"
90,,1027,?정JCT~???IC,77426,65344,57067,59463,259300,?정JCT,???IC,"(35.2208847764815, 128.795038093969)","(35.2207544216975, 128.845644816062)"
91,,1028,???IC~???IC,92335,73170,74588,69421,309514,???IC,???IC,"(35.2207544216975, 128.845644816062)","(35.2253958176762, 128.894727738063)"
92,,01028-1,???IC~김?JCT,115264,94269,94012,93412,396957,???IC,김?JCT,"(35.2253958176762, 128.894727738063)","(35.2817692863646, 128.985103583385)"
95,광주?구선,01200-1,무안공항IC~북무?IC,1355,1577,2808,2378,8118,무안공항IC,북무?IC,"(35.0025443377207, 126.390696950437)","(35.0137018389433, 126.432812144279)"
96,,01200-2,북무?IC~?평JCT,6238,6354,8060,7504,28156,북무?IC,?평JCT,"(35.0137018389433, 126.432812144279)","(35.0294370023028, 126.48560907374)"
97,,01200-3,?평JCT~?함?IC,26137,23967,28255,25312,103671,?평JCT,?함?IC,"(35.0294370023028, 126.48560907374)","(35.0509852213952, 126.545711220654)"
98,,01200-4,?함?IC~문평IC,31310,33437,35663,34035,134445,?함?IC,문평IC,"(35.0509852213952, 126.545711220654)","(35.0671780868832, 126.596929219748)"
99,,01200-5,문평IC~?주IC,35602,34690,36091,33519,139902,문평IC,?주IC,"(35.0671780868832, 126.596929219748)","(35.1014511106478, 126.695655085585)"
100,,01200-6,?주IC~?광?IC,33754,36421,36709,35375,142259,?주IC,?광?IC,"(35.1014511106478, 126.695655085585)","(35.1185703433819, 126.732578300197)"
101,,01200-7,?광?IC~?수IC,37814,39449,39925,40872,158060,?광?IC,?수IC,"(35.1185703433819, 126.732578300197)","(35.15959164327252, 126.78231962148487)"
102,,1201,고서JCT~?양JCT,15441,12808,18686,18410,65345,고서JCT,?양JCT,"(35.22416455393518, 126.96056614042936)","(35.2519341239336, 126.969756334993)"
103,,01201-1,?양JCT~?양IC,21044,22216,22946,22101,88307,?양JCT,?양IC,"(35.2519341239336, 126.969756334993)","(35.2805628601953, 126.979590105079)"
104,,1202,?양IC~?창IC,15829,17454,18096,16883,68262,?양IC,?창IC,"(35.2805628601953, 126.979590105079)","(35.3640456803351, 127.132554239488)"
105,,1203,?창IC~?원JCT,14706,15446,15903,15659,61714,?창IC,?원JCT,"(35.3640456803351, 127.132554239488)","(35.4053325089503, 127.307371983789)"
106,,01203-1,?원JCT~?원IC,12061,11171,14091,13410,50733,?원JCT,?원IC,"(35.4053325089503, 127.307371983789)","(35.4300877206261, 127.396003976957)"
107,,1204,?원IC~?남?IC,12188,11139,12148,12425,47900,?원IC,?남?IC,"(35.4300877206261, 127.396003976957)","(35.476258007708, 127.478172189105)"
108,,1205,?남?IC~지리산IC,11426,13044,13366,12249,50085,?남?IC,지리산IC,"(35.476258007708, 127.478172189105)","(35.4841240759678, 127.589153893757)"
109,,1206,지리산IC~?양IC,9990,10028,11767,11309,43094,지리산IC,?양IC,"(35.4841240759678, 127.589153893757)","(35.5327307351803, 127.749884621319)"
110,,1207,?양IC~?양JCT,13095,14340,16716,15271,59422,?양IC,?양JCT,"(35.5327307351803, 127.749884621319)","(35.5346883178615, 127.769908797906)"
111,,1208,?양JCT~거창IC,12427,12939,12766,13700,51832,?양JCT,거창IC,"(35.5346883178615, 127.769908797906)","(35.6792736750209, 127.935266340366)"
112,,1209,거창IC~가조IC,18601,20122,19813,18307,76843,거창IC,가조IC,"(35.6792736750209, 127.935266340366)","(35.7026664561418, 128.02256213147)"
113,,1210,가조IC~?인?IC,18001,20693,19868,19220,77782,가조IC,?인?IC,"(35.7026664561418, 128.02256213147)","(35.6964391960112, 128.183974777113)"
114,,1211,?인?IC~고령IC,20880,23441,24253,22370,90944,?인?IC,고령IC,"(35.6964391960112, 128.183974777113)","(35.7016847280538, 128.251272455245)"
115,,1212,고령IC~?고?IC,29642,26115,23042,21220,100019,고령IC,?고?IC,"(35.7016847280538, 128.251272455245)","(35.7529420272606, 128.358243960881)"
116,,1213,?고?IC~고령JCT,38042,33317,35837,34944,142140,?고?IC,고령JCT,"(35.7529420272606, 128.358243960881)","(35.7577529840384, 128.372654592569)"
117,,1214,고령JCT~?포JCT,34258,32537,34621,34266,135682,고령JCT,?포JCT,"(35.7577529840384, 128.372654592569)","(35.7927230631025, 128.463672761968)"
118,?양?산??1411,밀?JCT~배내골IC,56263.97802,56263.97802,56263.97802,56263.97802,225055.9121,밀?JCT,배내골IC,"(35.5192054678945, 128.795764820585)","(35.5272952748266, 129.007451312796)",
119,,1412,배내골IC~?울주JCT,56263.97802,56263.97802,56263.97802,56263.97802,225055.9121,배내골IC,?울주JCT,"(35.5272952748266, 129.007451312796)","(35.5156774497857, 129.105752358742)"
120,,1413,?울주JCT~?주JCT,56263.97802,56263.97802,56263.97802,56263.97802,225055.9121,?울주JCT,?주JCT,"(35.5156774497857, 129.105752358742)","(35.5023468546237, 129.258462624993)"
121,?해?선,1502,?로IC~무안IC,34851,35503,36964,34068,141386,?로IC,무안IC,"(34.85794340972893, 126.48118068292143)","(35.0077339272508, 126.492046404614)"
123,,1503,무안IC~?평JCT,33769,38623,37061,35252,144705,무안IC,?평JCT,"(35.0077339272508, 126.492046404614)","(35.0294370023028, 126.48560907374)"
124,,01503-1,?평JCT~?평IC,13999,13742,15921,15868,59530,?평JCT,?평IC,"(35.0294370023028, 126.48560907374)","(35.0991780369042, 126.481587234798)"
125,,1504,?평IC~?광IC,15256,13869,12548,12560,54233,?평IC,?광IC,"(35.0991780369042, 126.481587234798)","(35.2990371067816, 126.557645555101)"
126,,1505,?광IC~고창JCT,12488,14858,15444,16216,59006,?광IC,고창JCT,"(35.2990371067816, 126.557645555101)","(35.4171838332552, 126.652998288251)"
127,,01505-1,고창JCT~고창IC,23252,25497,27275,25146,101170,고창JCT,고창IC,"(35.4171838332552, 126.652998288251)","(35.4398484381079, 126.663888141887)"
128,,1506,고창IC~?운?IC,25608,26118,27778,26770,106274,고창IC,?운?IC,"(35.4398484381079, 126.663888141887)","(35.5097088610475, 126.683235936943)"
129,,1507,?운?IC~줄포IC,27797,27228,28963,28965,112953,?운?IC,줄포IC,"(35.5097088610475, 126.683235936943)","(35.5967433580094, 126.696510547307)"
130,,1508,줄포IC~부?IC,23076,23772,24255,25972,97075,줄포IC,부?IC,"(35.5967433580094, 126.696510547307)","(35.7262811320654, 126.7688758265)"
131,,1509,부?IC~???IC,24911,27096,28021,28320,108348,부?IC,???IC,"(35.7262811320654, 126.7688758265)","(35.8344469733929, 126.839485207915)"
132,,1510,???IC~?군?IC,27070,29253,32275,32466,121064,???IC,?군?IC,"(35.8344469733929, 126.839485207915)","(35.9448227658508, 126.83403211921)"
133,,1511,?군?IC~군산IC,21808,21168,23091,22040,88107,?군?IC,군산IC,"(35.9448227658508, 126.83403211921)","(36.0090477531565, 126.799368731838)"
134,,1512,군산IC~?서천JCT,35340,38141,36621,33837,143939,군산IC,?서천JCT,"(36.0090477531565, 126.799368731838)","(36.0579687326305, 126.774347250207)"
135,,01512-1,?서천JCT~?천IC,24568,26372,28940,29674,109554,?서천JCT,?천IC,"(36.0579687326305, 126.774347250207)","(36.0988068270477, 126.689803192551)"
136,,1513,?천IC~춘장?IC,26906,30963,30624,28171,116664,?천IC,춘장?IC,"(36.0988068270477, 126.689803192551)","(36.1677222774144, 126.601478689772)"
137,,1514,춘장?IC~무창?IC,25665,27498,29488,28159,110810,춘장?IC,무창?IC,"(36.1677222774144, 126.601478689772)","(36.2385091675722, 126.5612185508)"
138,,01514-1,무창?IC~?천IC,28862,26708,27402,27750,110722,무창?IC,?천IC,"(36.2385091675722, 126.5612185508)","(36.3332494526298, 126.575398785335)"
139,,1515,?천IC~광천IC,28296,31800,31552,30717,122365,?천IC,광천IC,"(36.3332494526298, 126.575398785335)","(36.4984527800679, 126.585191335161)"
140,,1516,광천IC~?성IC,30221,31025,32930,34035,128211,광천IC,?성IC,"(36.4984527800679, 126.585191335161)","(36.5916899337448, 126.560367315801)"
141,,1517,?성IC~??IC,37688,30079,36252,37975,141994,?성IC,??IC,"(36.5916899337448, 126.560367315801)","(36.7119548366604, 126.56243641829)"
142,,1518,??IC~?산IC,36535,39994,36501,34988,148018,??IC,?산IC,"(36.7119548366604, 126.56243641829)","(36.8067049135252, 126.571346857001)"
143,,1519,?산IC~?진JCT,55698,56673,60533,58060,230964,?산IC,?진JCT,"(36.8067049135252, 126.571346857001)","(36.8517687066234, 126.61944891711)"
144,,1520,?진JCT~?진IC,66223,65138,73273,74542,279176,?진JCT,?진IC,"(36.8517687066234, 126.61944891711)","(36.8926228013506, 126.706576828196)"
145,,1521,?진IC~?악IC,67371,74043,75675,71250,288339,?진IC,?악IC,"(36.8926228013506, 126.706576828196)","(36.9345935937394, 126.778825227341)"
146,,1522,?악IC~?평?IC,87251,101167,92486,89329,370233,?악IC,?평?IC,"(36.9345935937394, 126.778825227341)","(36.9980522279012, 126.86915311353)"
147,,1523,?평?IC~?평?JCT,98839,107492,109020,104247,419598,?평?IC,?평?JCT,"(36.9980522279012, 126.86915311353)","(37.0542596545645, 126.888564603894)"
148,,01523-1,?평?JCT~발안IC,88343,85143,98992,93352,365830,?평?JCT,발안IC,"(37.0542596545645, 126.888564603894)","(37.1236214772398, 126.882328025302)"
149,,1524,발안IC~비봉IC,94193,93603,93303,87598,368697,발안IC,비봉IC,"(37.1236214772398, 126.882328025302)","(37.2436490022669, 126.882263396973)"
150,,1525,비봉IC~매송IC,115408,119596,118881,111011,464896,비봉IC,매송IC,"(37.2436490022669, 126.882263396973)","(37.2775421780685, 126.89728834965)"
151,,1526,매송IC~?곡JCT,109901,116669,109667,107254,443491,매송IC,?곡JCT,"(37.2775421780685, 126.89728834965)","(37.3090591101917, 126.894723218852)"
152,,1527,?곡JCT~?산JCT,90278,83258,104376,101146,379058,?곡JCT,?산JCT,"(37.3090591101917, 126.894723218852)","(37.3436587204538, 126.862239373073)"
153,,1528,?산JCT~조남JCT,195859,194128,195828,188789,774604,?산JCT,조남JCT,"(37.3436587204538, 126.862239373073)","(37.368795975382, 126.868927450731)"
154,,1529,조남JCT~목감IC,128468,111693,108343,104219,452723,조남JCT,목감IC,"(37.368795975382, 126.868927450731)","(37.3965503884925, 126.871562444292)"
155,,1530,목감IC~광명?IC,151402,166617,164761,157873,640653,목감IC,광명?IC,"(37.3965503884925, 126.871562444292)","(37.4041271029948, 126.879288525121)"
156,,01530-1,광명?IC~?직JCT,149475,143212,139845,131516,564048,광명?IC,?직JCT,"(37.4041271029948, 126.879288525121)","(37.4237877672282, 126.894833941224)"
157,,1531,?직JCT~?하JCT,144340,109287,117537,110758,481922,?직JCT,?하JCT,"(37.4237877672282, 126.894833941224)","(37.4383584958668, 126.898375212738)"
158,,1532,?하JCT~금천IC,103063,97537,112370,103782,416752,?하JCT,금천IC,"(37.4383584958668, 126.898375212738)","(37.4602102468631, 126.890713888198)"
159,?산??1601,?양JCT~?산JCT,58771,51732,49051,46219,205773,?양JCT,?산JCT,"(35.5665720346864, 129.129989748955)","(35.5609292, 129.2396434)",
161,?택?성??1701,?성~?택JCT,75385,77135,82043,84789,319352,?성,?택JCT,"(37.0079101936496, 126.971151356348)","(37.0542596545645, 126.888564603894)",
162,,1702,?택JCT~?연IC,65775,69430,74621,76211,286037,?택JCT,?연IC,"(37.0542596545645, 126.888564603894)","(37.056852328706, 126.987201130675)"
163,,1703,?연IC~?감IC,69149,70512,75476,78645,293782,?연IC,?감IC,"(37.056852328706, 126.987201130675)","(37.0981723874786, 126.994555503186)"
164,,01703-1,?감IC~?남IC,56263.97802,56263.97802,78250,81689,272466.956,?감IC,?남IC,"(37.0981723874786, 126.994555503186)","(37.1297458305488, 127.000522168518)"
165,,1704,?남IC~?오?JCT,86438,87164,94039,96550,364191,?남IC,?오?JCT,"(37.1297458305488, 127.000522168518)","(37.1764675357893, 126.998355958526)"
166,,1705,?오?JCT~?남IC,74425,76057,88262,87147,325891,?오?JCT,?남IC,"(37.1764675357893, 126.998355958526)","(37.1849338594654, 126.970777843217)"
167,,01705-1,?남IC~?성JCT,56263.97802,56263.97802,56263.97802,56263.97802,225055.9121,?남IC,?성JCT,"(37.1849338594654, 126.970777843217)","(37.1979085, 126.9635012)"
168,,1706,?성JCT~봉담IC,80886,83971,96136,94665,355658,?성JCT,봉담IC,"(37.1979085, 126.9635012)","(37.2294773826114, 126.956377632314)"
169,?원광명??1708,?안?·당?IC~?군?IC,73811,77153,81722,83749,316435,?안?·당?IC,?군?IC,"(37.3007624908742, 126.93661618549)","(37.3243672583681, 126.926351776055)",
172,,1709,?군?IC~?시?JCT,74692,76437,79186,87739,318054,?군?IC,?시?JCT,"(37.3243672583681, 126.926351776055)","(37.3928125094085, 126.864702780378)"
173,,1710,?시?JCT~?채·?하IC,39373,40890,42769,55302,178334,?시?JCT,?채·?하IC,"(37.3928125094085, 126.864702780378)","(37.4372890567106, 126.895352908795)"
174,?산?항??02000-1,?산JCT~?주IC,29415,31489,32941,31457,125302,?산JCT,?주IC,"(35.943020270739, 127.089865160674)","(35.8986822843194, 127.151237980272)",
175,,02000-2,?주IC~?주JCT,27402,33953,34569,34582,130506,?주IC,?주JCT,"(35.8986822843194, 127.151237980272)","(35.8837133274671, 127.173332315702)"
176,,02000-5,?주JCT~?양IC,12291,13036,13274,12852,51453,?주JCT,?양IC,"(35.8837133274671, 127.173332315702)","(35.8644701261329, 127.236546974082)"
177,,02000-3,?양IC~진안IC,15146,15652,15518,14497,60813,?양IC,진안IC,"(35.8644701261329, 127.236546974082)","(35.7722412365307, 127.443557642515)"
178,,02000-4,진안IC~?수IC,13063,14668,15251,14367,57349,진안IC,?수IC,"(35.7722412365307, 127.443557642515)","(35.7159917, 127.5897391)"
179,,2001,?수IC~?수JCT,13542,13806,14572,13295,55215,?수IC,?수JCT,"(35.7159917, 127.5897391)","(35.7318246384763, 127.607132835258)"
180,,02002-1,?공?IC~?동JCT,33920,32077,32825,31864,130686,?공?IC,?동JCT,"(35.906618362209, 128.640250944273)","(35.9126274422533, 128.66249855648)"
181,,2002,?동JCT~??촌IC,40673,36978,40156,39086,156893,?동JCT,??촌IC,"(35.9126274422533, 128.66249855648)","(35.9705795717487, 128.829241885174)"
184,,2004,북영천IC~?고?이?스IC,31118,31060,33827,34074,130079,북영천IC,?고?이?스IC,"(36.0322664254305, 128.916332516963)","(36.05468360297612, 129.00611258274003)"
185,,02004-1,?고?이?스IC~?포?IC,56263.97802,56263.97802,31287,29652,173466.956,?고?이?스IC,?포?IC,"(36.05468360297612, 129.00611258274003)","(36.0710114080033, 129.219395516963)"
186,,2005,?포?IC~?항IC,31388,32760,32326,30190,126664,?포?IC,?항IC,"(36.0710114080033, 129.219395516963)","(36.0416047918309, 129.316574640449)"
187,?남??2501,?순천IC~?주IC,31921,33291,31811,29092,126115,?순천IC,?주IC,"(35.00316321039, 127.482966378222)","(35.0145525810651, 127.374926748009)",
188,,2502,?주IC~주암IC,31397,31586,32694,32655,128332,?주IC,주암IC,"(35.0145525810651, 127.374926748009)","(35.0669619367409, 127.270572929206)"
189,,2503,주암IC~?곡IC,27286,29006,28280,26611,111183,주암IC,?곡IC,"(35.0669619367409, 127.270572929206)","(35.127663325423, 127.247013987135)"
190,,2504,?곡IC~곡성IC,27829,29593,29624,27871,114917,?곡IC,곡성IC,"(35.127663325423, 127.247013987135)","(35.22608139425279, 127.22330066911329)"
191,,2505,곡성IC~?과IC,33271,34366,35594,35774,139005,곡성IC,?과IC,"(35.22608139425279, 127.22330066911329)","(35.2589978609797, 127.113745539772)"
194,,2507,창평IC~고서JCT,30433,31168,32426,31195,125222,창평IC,고서JCT,"(35.23238226077646, 127.00150500937397)","(35.22416455393518, 126.96056614042936)"
195,,2508,고서JCT~문흥IC,45958,49264,45087,46327,186636,고서JCT,문흥IC,"(35.22416455393518, 126.96056614042936)","(35.1921401982078, 126.936702210416)"
196,,02508-2,문흥IC~?광주IC,59576,66423,58997,57574,242570,문흥IC,?광주IC,"(35.1921401982078, 126.936702210416)","(35.184111132403935, 126.92742901307386)"
197,,02508-1,?광주IC~?봉IC,95227,97597,92590,88993,374407,?광주IC,?봉IC,"(35.184111132403935, 126.92742901307386)","(35.1841898297253, 126.899988089)"
198,,2509,?봉IC~?광주IC,115062,125647,115246,110568,466523,?봉IC,?광주IC,"(35.1841898297253, 126.899988089)","(35.184841787654456, 126.88224951801881)"
199,,2510,?광주IC~?림IC,106902,109076,120171,116635,452784,?광주IC,?림IC,"(35.184841787654456, 126.88224951801881)","(35.1927692828318, 126.864241654693)"
200,,02510-1,?림IC~?월IC,93869,94104,96136,92508,376617,?림IC,?월IC,"(35.1927692828318, 126.864241654693)","(35.2031332845363, 126.839397395362)"
201,,02510-2,?월IC~광산IC,77365,59462,58476,56690,251993,?월IC,광산IC,"(35.2031332845363, 126.839397395362)","(35.2171317773629, 126.827960271906)"
202,,02510-3,광산IC~북광?IC,38356,46862,43205,40743,169166,광산IC,북광?IC,"(35.2171317773629, 126.827960271906)","(35.2361762977599, 126.823530077668)"
203,,2511,북광?IC~?성IC,40696,43080,45519,42371,171666,북광?IC,?성IC,"(35.2361762977599, 126.823530077668)","(35.2855326625451, 126.78696271557)"
204,,02511-1,?성IC~?성JCT,40327,43650,45805,42162,171944,?성IC,?성JCT,"(35.2855326625451, 126.78696271557)","(35.3299511946698, 126.804457243183)"
205,,2512,?성JCT~백양?IC,38832,36087,35985,36200,147104,?성JCT,백양?IC,"(35.3299511946698, 126.804457243183)","(35.4283346666283, 126.803484125335)"
206,,2513,백양?IC~?장?IC,33224,37494,37892,34608,143218,백양?IC,?장?IC,"(35.4283346666283, 126.803484125335)","(35.5093854031658, 126.801999353291)"
207,,2514,?장?IC~?읍IC,33627,37795,38985,35673,146080,?장?IC,?읍IC,"(35.5093854031658, 126.801999353291)","(35.5807577444884, 126.833073199597)"
208,,2515,?읍IC~?인IC,34852,39702,40032,38501,153087,?읍IC,?인IC,"(35.5807577444884, 126.833073199597)","(35.6613691265006, 126.927361946008)"
209,,2516,?인IC~금산?IC,37786,43372,42475,40663,164296,?인IC,금산?IC,"(35.6613691265006, 126.927361946008)","(35.7368131806833, 126.989193290664)"
210,,2517,금산?IC~김?IC,40258,41114,42064,39721,163157,금산?IC,김?IC,"(35.7368131806833, 126.989193290664)","(35.7756908401983, 127.002557003745)"
211,,2518,김?IC~?전주IC,37185,43065,44398,42254,166902,김?IC,?전주IC,"(35.7756908401983, 127.002557003745)","(35.8274726670906, 127.033997468825)"
212,,2519,?전주IC~?주IC,35546,41433,43267,41154,161400,?전주IC,?주IC,"(35.8274726670906, 127.033997468825)","(35.8784686147257, 127.055312279705)"
213,,2520,?주IC~??IC,44464,50246,49776,46847,191333,?주IC,??IC,"(35.8784686147257, 127.055312279705)","(35.9248914244833, 127.078795232043)"
214,,2521,??IC~?산JCT,48548,49906,52320,51642,202416,??IC,?산JCT,"(35.9248914244833, 127.078795232043)","(35.943020270739, 127.089865160674)"
215,,02521-1,?산JCT~?산IC,72738,79975,83003,81247,316963,?산JCT,?산IC,"(35.943020270739, 127.089865160674)","(35.9908159023885, 127.11396613014)"
216,,2522,?산IC~?산JCT,74266,67682,81017,77350,300315,?산IC,?산JCT,"(35.9908159023885, 127.11396613014)","(36.08193482543607, 127.10267530508318)"
217,?산천안??2525,?산JCT~?무IC,34648,37120,36126,38799,146693,?산JCT,?무IC,"(36.08193482543607, 127.10267530508318)","(36.1475955996361, 127.060336427652)",
218,,2526,?무IC~?논?IC,36537,39223,38626,41552,155938,?무IC,?논?IC,"(36.1475955996361, 127.060336427652)","(36.2245980684381, 127.053023481395)"
219,,2527,?논?IC~?천IC,37732,39978,40665,43017,161392,?논?IC,?천IC,"(36.2245980684381, 127.053023481395)","(36.2988600802517, 127.067337419386)"
220,,2528,?천IC~?공주IC,37796,40078,40730,43272,161876,?천IC,?공주IC,"(36.2988600802517, 127.067337419386)","(36.4264946402298, 127.080895925189)"
221,,2529,?공주IC~공주JCT,39751,42141,42916,45864,170672,?공주IC,공주JCT,"(36.4264946402298, 127.080895925189)","(36.4856391678386, 127.09184036976)"
222,,02529-1,공주JCT~북공주JCT,45414,48183,48578,51987,194162,공주JCT,북공주JCT,"(36.4856391678386, 127.09184036976)","(36.5027550660491, 127.103705921829)"
223,,02529-2,북공주JCT~?안IC,54404,56952,56557,61895,229808,북공주JCT,?안IC,"(36.5027550660491, 127.103705921829)","(36.6249602680133, 127.120424455221)"
224,,2530,?안IC~?풍?IC,64453,66093,66823,71774,269143,?안IC,?풍?IC,"(36.6249602680133, 127.120424455221)","(36.7230631473258, 127.141438588108)"
225,,02530-1,?풍?IC~?천?IC,59501,61482,62459,64348,247790,?풍?IC,?천?IC,"(36.7230631473258, 127.141438588108)","(36.7540458459772, 127.164967506816)"
226,,2531,?천?IC~천안JCT,65609,67912,68315,69719,271555,?천?IC,천안JCT,"(36.7540458459772, 127.164967506816)","(36.769799552082, 127.180834688802)"
227,?천?주??2701,?순천IC~?천JCT,15046,14981,13928,14200,58155,?순천IC,?천JCT,"(34.9484829888067, 127.552156520343)","(34.9910833303128, 127.539000973123)",
228,,2702,?천JCT~?전IC,20868,23854,22555,22963,90240,?천JCT,?전IC,"(34.9910833303128, 127.539000973123)","(35.1467255506433, 127.456747198044)"
229,,2703,?전IC~구??엄?IC,18699,21583,19940,20524,80746,?전IC,구??엄?IC,"(35.1467255506433, 127.456747198044)","(35.2499896147959, 127.419206985215)"
230,,2704,구??엄?IC~?남?IC,22743,23793,24505,24744,95785,구??엄?IC,?남?IC,"(35.2499896147959, 127.419206985215)","(35.3611304005518, 127.337576558644)"
231,,2705,?남?IC~?원JCT,20176,20846,23094,24087,88203,?남?IC,?원JCT,"(35.3611304005518, 127.337576558644)","(35.4053325089503, 127.307371983789)"
232,,2706,?원JCT~북남?IC,22502,19090,20050,19921,81563,?원JCT,북남?IC,"(35.4053325089503, 127.307371983789)","(35.4387299650346, 127.312256652246)"
233,,2707,북남?IC~?수IC,21138,24168,22342,23398,91046,북남?IC,?수IC,"(35.4387299650346, 127.312256652246)","(35.5539214834079, 127.32142894617)"
234,,2708,?수IC~?실IC,27310,26611,26165,27270,107356,?수IC,?실IC,"(35.5539214834079, 127.32142894617)","(35.6309504632056, 127.315559211068)"
235,,2709,?실IC~??IC,24534,22586,25061,25266,97447,?실IC,??IC,"(35.6309504632056, 127.315559211068)","(35.7583458286661, 127.218969830335)"
236,,2710,??IC~?전주IC,19736,19082,21061,21644,81523,??IC,?전주IC,"(35.7583458286661, 127.218969830335)","(35.8462077707643, 127.189403238194)"
237,,2711,?전주IC~?주JCT,23014,26785,24637,23852,98288,?전주IC,?주JCT,"(35.8462077707643, 127.189403238194)","(35.8837133274671, 127.173332315702)"
238,구리?천??2901,?구리IC~중랑IC,37948,39296,51705,52399,181348,?구리IC,중랑IC,"(37.5787914213727, 127.135189247836)","(37.6112380746607, 127.11459880103)",
239,,2902,중랑IC~?별?IC,58174,54102,64900,68056,245232,중랑IC,?별?IC,"(37.6112380746607, 127.11459880103)","(37.6726458030119, 127.137916533018)"
240,,2903,?별?IC~?의??IC,46285,53670,60887,62922,223764,?별?IC,?의??IC,"(37.6726458030119, 127.137916533018)","(37.7205291136635, 127.112385053696)"
241,,2904,?의??IC~민락IC,48396,57047,62571,63882,231896,?의??IC,민락IC,"(37.7205291136635, 127.112385053696)","(37.7477541566614, 127.121916467819)"
242,,2905,민락IC~?흘IC,43665,47395,53730,56412,201202,민락IC,?흘IC,"(37.7477541566614, 127.121916467819)","(37.7988785104924, 127.131892367963)"
243,,2906,?흘IC~?흘JCT,36734,42414,47935,49578,176661,?흘IC,?흘JCT,"(37.7988785104924, 127.131892367963)","(37.8154536203111, 127.143310553418)"
244,,2907,?흘JCT~?단IC,49767,47021,45930,46785,189503,?흘JCT,?단IC,"(37.8154536203111, 127.143310553418)","(37.8463020872058, 127.170524528222)"
245,,2908,?단IC~?천IC,31887,36575,33522,35030,137014,?단IC,?천IC,"(37.8463020872058, 127.170524528222)","(37.8816535525729, 127.219470692587)"
246,,2909,?천IC~?북IC,18847,21735,23105,22210,85897,?천IC,?북IC,"(37.8816535525729, 127.219470692587)","(37.914081203383, 127.217046957023)"
247,,02906-1,?흘JCT~?정IC,8175,9904,11696,11834,41609,?흘JCT,?정IC,"(37.8154536203111, 127.143310553418)","(37.8353119351643, 127.108414848853)"
248,,02906-2,?정IC~?주IC,7034,8944,10267,10192,36437,?정IC,?주IC,"(37.8353119351643, 127.108414848853)","(37.8428699661975, 127.085521914108)"
249,?진?덕??03000-1,?진JCT~면천IC,20690,19789,20299,19395,80173,?진JCT,면천IC,"(36.8517687066234, 126.61944891711)","(36.8235424129591, 126.647448749545)",
250,,03000-2,면천IC~고덕IC,21015,22066,21740,20543,85364,면천IC,고덕IC,"(36.8235424129591, 126.647448749545)","(36.7619156282422, 126.705099896522)"
251,,03000-3,고덕IC~?산?덕?IC,18511,19960,19973,20072,78516,고덕IC,?산?덕?IC,"(36.7619156282422, 126.705099896522)","(36.6771615802388, 126.775344508741)"
252,,03000-4,?산?덕?IC~?양IC,24732,20737,25335,24943,95747,?산?덕?IC,?양IC,"(36.6771615802388, 126.775344508741)","(36.5952322745541, 126.868262961721)"
253,,03000-5,?양IC~?구IC,24665,25477,24372,24265,98779,?양IC,?구IC,"(36.5952322745541, 126.868262961721)","(36.5651177903769, 126.975602133986)"
254,,03000-6,?구IC~마곡?IC,26105,28570,28357,27994,111026,?구IC,마곡?IC,"(36.5651177903769, 126.975602133986)","(36.4949576307549, 127.024081187642)"
255,,03000-7,마곡?IC~?공주JCT,29840,27897,30775,29371,117883,마곡?IC,?공주JCT,"(36.4949576307549, 127.024081187642)","(36.4862332594855, 127.065530621465)"
256,,03000-8,?공주JCT~공주JCT,40624,36962,44373,44607,166566,?공주JCT,공주JCT,"(36.4862332594855, 127.065530621465)","(36.4856391678386, 127.09184036976)"
257,,03000-9,공주JCT~공주IC,28912,30789,28837,28044,116582,공주JCT,공주IC,"(36.4856391678386, 127.09184036976)","(36.4914520182323, 127.121646008639)"
258,,03000-10,공주IC~?세종IC,33726,33804,35903,34939,138372,공주IC,?세종IC,"(36.4914520182323, 127.121646008639)","(36.4949233104063, 127.194975278733)"
259,,03000-11,?세종IC~?세종IC,33539,34896,35397,35067,138899,?세종IC,?세종IC,"(36.4949233104063, 127.194975278733)","(36.4246527772252, 127.291286797715)"
260,,03000-12,?세종IC~?성JCT,39515,38500,40855,40814,159684,?세종IC,?성JCT,"(36.4246527772252, 127.291286797715)","(36.3891296017114, 127.34004907163)"
261,,3001,?JCT~문의IC,38830,42942,39746,36270,157788,?JCT,문의IC,"(36.5981299992502, 127.419990783512)","(36.5298402284666, 127.507461969587)"
262,,3002,문의IC~?인IC,46299,47402,43327,40831,177859,문의IC,?인IC,"(36.5298402284666, 127.507461969587)","(36.4867607216413, 127.608658835495)"
263,,3003,?인IC~보?IC,40711,35166,37124,37771,150772,?인IC,보?IC,"(36.4867607216413, 127.608658835495)","(36.45669341997925, 127.72057897489313)"
264,,3004,보?IC~?리?IC,37958,42308,39213,37586,157065,보?IC,?리?IC,"(36.45669341997925, 127.72057897489313)","(36.4556382830322, 127.786916855392)"
265,,3005,?리?IC~?서IC,35982,40774,36231,34601,147588,?리?IC,?서IC,"(36.4556382830322, 127.786916855392)","(36.4425366912992, 127.962402816848)"
266,,3006,?서IC~?상주IC,36847,40171,37625,35744,150387,?서IC,?상주IC,"(36.4425366912992, 127.962402816848)","(36.3678425216301, 128.140642144337)"
267,,3007,?상주IC~?동JCT,34404,42936,40419,38995,156754,?상주IC,?동JCT,"(36.3678425216301, 128.140642144337)","(36.3660937799444, 128.239129255443)"
268,,3009,?주JCT~?상주IC,5015,5311,6916,7107,24349,?주JCT,?상주IC,"(36.3660937799444, 128.239129255443)","(36.3759662175325, 128.296535457639)"
269,,3010,?상주IC~?의?IC,8479,8262,9815,9327,35883,?상주IC,?의?IC,"(36.3759662175325, 128.296535457639)","(36.4011352277691, 128.410743867657)"
270,,3011,?의?IC~?동JCT,7604,7325,8644,8016,31589,?의?IC,?동JCT,"(36.4011352277691, 128.410743867657)","(36.4321547964564, 128.621544879915)"
271,,3012,?동JCT~북의?IC,10772,9956,9946,9786,40460,?동JCT,북의?IC,"(36.4321547964564, 128.621544879915)","(36.4183551148875, 128.685996411658)"
272,,3013,북의?IC~?안?IC,6771,6531,8650,8569,30521,북의?IC,?안?IC,"(36.4183551148875, 128.685996411658)","(36.4510619970897, 128.89051314896102)"
273,,3014,?안?IC~?IC,13120,12465,12725,12641,50951,?안?IC,?IC,"(36.4510619970897, 128.89051314896102)","(36.4552223306993, 129.026780175514)"
274,,3015,?IC~?청?·영?IC,6360,7027,9147,9057,31591,?IC,?청?·영?IC,"(36.4552223306993, 129.026780175514)","(36.4939264949682, 129.122236621321)"
275,,3016,?청?·영?IC~?덕IC,9448,8190,8756,8535,34929,?청?·영?IC,?덕IC,"(36.4939264949682, 129.122236621321)","(36.38522898412525, 129.3708895697834)"
276,?찬?창??3200,?산JC~?오창IC,56263.97802,8089,11605,11105,87062.97802,?산JC,?오창IC,"(36.7134951438365, 127.348806429027)","(36.7278625272415, 127.418188610636)",
277,,3201,?오창IC~?창JC,56263.97802,3998,7336,6130,73727.97802,?오창IC,?창JC,"(36.7278625272415, 127.418188610636)","(36.7412147413694, 127.463571259355)"
278,중???03501-1,?영IC~북통?IC,22038,23234,21786,20915,87973,?영IC,북통?IC,"(34.866585823638, 128.442716183949)","(34.8891778436341, 128.412794161099)",
279,,03501-2,북통?IC~?고?IC,24026,21909,27004,26477,99416,북통?IC,?고?IC,"(34.8891778436341, 128.412794161099)","(34.9719377256223, 128.384081057342)"
280,,03501-3,?고?IC~고성IC,30791,29679,30179,30049,120698,?고?IC,고성IC,"(34.9719377256223, 128.384081057342)","(35.0075923294026, 128.349562096188)"
281,,03501-4,고성IC~?화?IC,18295,19853,18783,18268,75199,고성IC,?화?IC,"(35.0075923294026, 128.349562096188)","(35.0825108326271, 128.191324165209)"
282,,03501-5,?화?IC~진주JCT,20304,18452,20177,20079,79012,?화?IC,진주JCT,"(35.0825108326271, 128.191324165209)","(35.1381221095471, 128.098099057565)"
283,,3501,진주JCT~?진주IC,34168,34406,32867,32967,134408,진주JCT,?진주IC,"(35.1381221095471, 128.098099057565)","(35.1834185913016, 128.040879150511)"
284,,3502,?진주IC~?성IC,25671,28367,27047,27248,108333,?진주IC,?성IC,"(35.1834185913016, 128.040879150511)","(35.2898128902775, 127.952319406762)"
285,,3503,?성IC~?청IC,24472,27869,26304,24077,102722,?성IC,?청IC,"(35.2898128902775, 127.952319406762)","(35.4272177955231, 127.859852786402)"
286,,3504,?청IC~?초IC,27534,26881,24934,23277,102626,?청IC,?초IC,"(35.4272177955231, 127.859852786402)","(35.4815537305829, 127.824813689642)"
287,,3505,?초IC~?양JCT,26960,29035,26985,26601,109581,?초IC,?양JCT,"(35.4815537305829, 127.824813689642)","(35.5346883178615, 127.769908797906)"
288,,3506,?양JCT~지곡IC,24732,27762,28818,27696,109008,?양JCT,지곡IC,"(35.5346883178615, 127.769908797906)","(35.5870226490193, 127.769469458969)"
289,,3507,지곡IC~?상IC,28476,28878,28328,26083,111765,지곡IC,?상IC,"(35.5870226490193, 127.769469458969)","(35.6658225633852, 127.67371142028)"
290,,3508,?상IC~?수JCT,25118,28514,29140,27840,110612,?상IC,?수JCT,"(35.6658225633852, 127.67371142028)","(35.7318246384763, 127.607132835258)"
291,,3509,?수JCT~?유?IC,17902,20501,23159,22071,83633,?수JCT,?유?IC,"(35.7318246384763, 127.607132835258)","(35.8423001196245, 127.646470675537)"
292,,3510,?유?IC~무주IC,16655,19716,23157,21994,81522,?유?IC,무주IC,"(35.8423001196245, 127.646470675537)","(35.9772890900491, 127.645942078315)"
293,,3511,무주IC~금산IC,19600,20537,20769,21135,82041,무주IC,금산IC,"(35.9772890900491, 127.645942078315)","(36.1036662, 127.5200409)"
295,,3513,추?IC~???IC,32776,32754,30863,30990,127383,추?IC,???IC,"(36.1922215768706, 127.485146978849)","(36.2651224150308, 127.473903979976)"
296,,3514,???IC~?내JCT,35459,37136,42929,42455,157979,???IC,?내JCT,"(36.2651224150308, 127.473903979976)","(36.2819966873156, 127.448534724104)"
297,,3515,?내JCT~?암IC,45692,45608,50954,48091,190345,?내JCT,?암IC,"(36.2819966873156, 127.448534724104)","(36.3169612322516, 127.472257719026)"
298,,3516,?암IC~비룡JCT,48336,48618,49347,50026,196327,?암IC,비룡JCT,"(36.3169612322516, 127.472257719026)","(36.345145564374, 127.482386622563)"
299,,3522,?이JCT~?청주IC,60970,66098,68288,63237,258593,?이JCT,?청주IC,"(36.5647643164234, 127.430632594426)","(36.6517253534289, 127.42112266676)"
300,,3523,?청주IC~?창IC,66599,72232,75915,72265,287011,?청주IC,?창IC,"(36.6517253534289, 127.42112266676)","(36.7146752590162, 127.442696312854)"
301,,03523-1,?창IC~?창JC,56263.97802,67032,68870,64358,256523.978,?창IC,?창JC,"(36.7146752590162, 127.442696312854)","(36.7412147413694, 127.463571259355)"
302,,3524,?창JC~증평IC,68235,73187,75862,74000,291284,?창JC,증평IC,"(36.7412147413694, 127.463571259355)","(36.7716639227652, 127.502048369448)"
303,,3525,증평IC~진천IC,71443,72351,76084,71952,291830,증평IC,진천IC,"(36.7716639227652, 127.502048369448)","(36.8683581052885, 127.475122709042)"
304,,3526,진천IC~??JCT,65991,56894,67759,64330,254974,진천IC,??JCT,"(36.8683581052885, 127.475122709042)","(36.9409435200373, 127.473076402287)"
305,,03526-1,??JCT~??IC,58211,55879,58912,56089,229091,??JCT,??IC,"(36.9409435200373, 127.473076402287)","(36.9814474927296, 127.470698847518)"
306,,03526-2,??IC~?성?이?스IC,53309,52202,56608,55049,217168,??IC,?성?이?스IC,"(36.9814474927296, 127.470698847518)","(37.024862624335, 127.482905864277)"
307,,3527,?성?이?스IC~?죽IC,59436,55187,60152,56638,231413,?성?이?스IC,?죽IC,"(37.024862624335, 127.482905864277)","(37.0904112593107, 127.451395952706)"
308,,03527-1,?죽IC~?이천IC,67596,64943,67637,64504,264680,?죽IC,?이천IC,"(37.0904112593107, 127.451395952706)","(37.186088725671404, 127.44135605579378)"
309,,3528,?이천IC~?법JCT,72563,63214,78230,74572,288579,?이천IC,?법JCT,"(37.186088725671404, 127.44135605579378)","(37.2350583920676, 127.427164981905)"
312,,3531,?이천IC~곤??IC,38057,38923,40556,42082,159618,?이천IC,곤??IC,"(37.2775422134217, 127.391208263926)","(37.3524491298736, 127.320896552992)"
313,,3532,곤??IC~경기광주JCT,36973,40513,44236,45107,166829,곤??IC,경기광주JCT,"(37.3524491298736, 127.320896552992)","(37.3940746583001, 127.235879578087)"
314,,03532-1,경기광주JCT~경기광주IC,44753,55008,53816,53670,207247,경기광주JCT,경기광주IC,"(37.3940746583001, 127.235879578087)","(37.4479625662318, 127.269617440473)"
317,,3535,?남IC~?남JCT,139949,152676,156256,149989,598870,?남IC,?남JCT,"(37.5258003588098, 127.220111829496)","(37.5319114473726, 127.19631658709)"
318,??중???3701,마장JCT~경기광주JCT,55004,50046,54106,52898,212054,마장JCT,경기광주JCT,"(37.5428829433355, 127.029478974514)","(37.3940746583001, 127.235879578087)",
320,?택?천??4001,?평?JCT~?IC,75546,83389,81417,74173,314525,?평?JCT,?IC,"(37.0542596545645, 126.888564603894)","(37.04869079193443, 126.9194737918712)",
321,,4002,?IC~?택JCT,91409,95379,93846,93649,374283,?IC,?택JCT,"(37.04869079193443, 126.9194737918712)","(37.0542596545645, 126.888564603894)"
322,,04002-1,?택JCT~?택고덕IC,67815,67262,67171,65465,267713,?택JCT,?택고덕IC,"(37.0542596545645, 126.888564603894)","(37.0258332754333, 127.033413667978)"
323,,04002-2,?택고덕IC~?탄IC,56263.97802,56741,59195,58393,230592.978,?택고덕IC,?탄IC,"(37.0258332754333, 127.033413667978)","(37.0347851669465, 127.108026062855)"
324,,4003,?탄IC~?성JCT,69554,63051,67868,68242,268715,?탄IC,?성JCT,"(37.0347851669465, 127.108026062855)","(37.0359784052323, 127.138986582312)"
325,,4004,?성JCT~?안?IC,66202,67808,76794,73062,283866,?성JCT,?안?IC,"(37.0359784052323, 127.138986582312)","(37.0338470467368, 127.159977999984)"
326,,4005,?안?IC~?안?IC,58863,57978,55080,54721,226642,?안?IC,?안?IC,"(37.0338470467368, 127.159977999984)","(36.975933373217, 127.244313236593)"
327,,4006,?안?IC~북진천IC,48796,48271,49519,49485,196071,?안?IC,북진천IC,"(36.975933373217, 127.244313236593)","(36.9454326812556, 127.451320524853)"
328,,4007,북진천IC~??JCT,31203,30993,31763,31968,125927,북진천IC,??JCT,"(36.9454326812556, 127.451320524853)","(36.9409435200373, 127.473076402287)"
329,,4008,??JCT~금왕꽃동?IC,38110,36872,39826,40921,155729,??JCT,금왕꽃동?IC,"(36.9409435200373, 127.473076402287)","(36.9548112667429, 127.551194782989)"
330,,4009,금왕꽃동?IC~?성IC,33603,34198,35656,37677,141134,금왕꽃동?IC,?성IC,"(36.9548112667429, 127.551194782989)","(36.9888709152251, 127.619380194658)"
331,,4010,?성IC~?충주IC,28589,31748,30720,30506,121563,?성IC,?충주IC,"(36.9888709152251, 127.619380194658)","(37.0099220870185, 127.671334266729)"
332,,4011,?충주IC~충주JCT,25360,27452,27850,27235,107897,?충주IC,충주JCT,"(37.0099220870185, 127.671334266729)","(37.0401677646134, 127.738848118732)"
333,,4012,충주JCT~??JCT,23901,23198,23363,22982,93444,충주JCT,??JCT,"(37.0401677646134, 127.738848118732)","(37.0360981171653, 127.804321569694)"
334,,4013,??JCT~?충주IC,23987,21987,23872,24911,94757,??JCT,?충주IC,"(37.0360981171653, 127.804321569694)","(37.0642059072571, 127.920971419561)"
335,,4014,?충주IC~?천JCT,18305,15272,18994,18528,71099,?충주IC,?천JCT,"(37.0642059072571, 127.920971419561)","(37.0800688082292, 128.174953182517)"
336,,4501,?서JCT~칠원JCT,24655,23902,22318,21771,92646,?서JCT,칠원JCT,"(35.2588133840937, 128.515306564151)","(35.2833869741149, 128.510515014013)"
337,,04501-1,칠원JCT~칠서IC,63183,62587,59872,60645,246287,칠원JCT,칠서IC,"(35.2833869741149, 128.510515014013)","(35.3278878003406, 128.505478909169)"
338,,4502,칠서IC~??IC,51318,48326,51110,50552,201306,칠서IC,??IC,"(35.3278878003406, 128.505478909169)","(35.3986096551371, 128.482679163748)"
339,,4503,??IC~?산IC,49642,49632,46824,46601,192699,??IC,?산IC,"(35.3986096551371, 128.482679163748)","(35.4543263474338, 128.510901773611)"
340,,4504,?산IC~창녕IC,50371,50785,48529,46698,196383,?산IC,창녕IC,"(35.4543263474338, 128.510901773611)","(35.5424284367807, 128.476553899999)"
341,,4505,창녕IC~?풍JCT,48327,50469,49646,52078,200520,창녕IC,?풍JCT,"(35.5424284367807, 128.476553899999)","(35.6749585688799, 128.434790935077)"
342,중??륙??4506,?풍JCT~고령JCT,29539,32173,30854,30396,122962,?풍JCT,고령JCT,"(35.6749585688799, 128.434790935077)","(35.7577529840384, 128.372654592569)",
343,,04506-1,고령JCT~?성주IC,29224,31014,30376,31271,121885,고령JCT,?성주IC,"(35.7577529840384, 128.372654592569)","(35.8420725147026, 128.324681138904)"
344,,04506-2,?성주IC~?주IC,26568,29004,30045,28157,113774,?성주IC,?주IC,"(35.8420725147026, 128.324681138904)","(35.9191252422254, 128.249499376102)"
345,,04506-3,?주IC~??천IC,26567,28329,28000,27989,110885,?주IC,??천IC,"(35.9191252422254, 128.249499376102)","(36.0592752966145, 128.267662293295)"
346,,04506-4,??천IC~김천JCT,24949,25956,26247,26801,103953,??천IC,김천JCT,"(36.0592752966145, 128.267662293295)","(36.159659552209, 128.266316243841)"
347,,4507,김천JCT~?산IC,59605,54310,53201,53481,220597,김천JCT,?산IC,"(36.159659552209, 128.266316243841)","(36.2389282802448, 128.261431126457)"
348,,04507-1,?산IC~?동JCT,61848,55457,54559,54304,226168,?산IC,?동JCT,"(36.2389282802448, 128.261431126457)","(36.3660937799444, 128.239129255443)"
349,,4508,?동JCT~?주IC,46501,48402,49220,51430,195553,?동JCT,?주IC,"(36.3660937799444, 128.239129255443)","(36.4230654206746, 128.213180237049)"
350,,04508-1,?주IC~북상주IC,40787,45578,48048,48150,182563,?주IC,북상주IC,"(36.4230654206746, 128.213180237049)","(36.53113288144369, 128.16905482533323)"
351,,04508-2,북상주IC~?촌?창IC,42772,46172,46140,46602,181686,북상주IC,?촌?창IC,"(36.53113288144369, 128.16905482533323)","(36.5861305541326, 128.154885527054)"
352,,04508-3,?촌?창IC~문경?재IC,44778,45799,44917,44755,180249,?촌?창IC,문경?재IC,"(36.5861305541326, 128.154885527054)","(36.7011838733221, 128.111405134142)"
353,,04508-4,문경?재IC~?풍IC,43805,47345,48822,50074,190046,문경?재IC,?풍IC,"(36.7011838733221, 128.111405134142)","(36.7590363479299, 127.992381886245)"
354,,04508-5,?풍IC~괴산IC,43336,50082,52396,48884,194698,?풍IC,괴산IC,"(36.7590363479299, 127.992381886245)","(36.8672165875021, 127.923378807854)"
355,,04509-1,괴산IC~충주IC,41845,44042,45465,47857,179209,괴산IC,충주IC,"(36.8672165875021, 127.923378807854)","(36.9784900006319, 127.846563288894)"
356,,4509,충주IC~북충주IC,40843,45175,45113,46779,177910,충주IC,북충주IC,"(36.9784900006319, 127.846563288894)","(37.0348555195146, 127.798324655122)"
357,,4510,북충주IC~충주JCT,52222,47254,55876,56160,211512,북충주IC,충주JCT,"(37.0348555195146, 127.798324655122)","(37.0401677646134, 127.738848118732)"
358,,04510-1,충주JCT~감곡IC,56173,55976,58579,61723,232451,충주JCT,감곡IC,"(37.0401677646134, 127.738848118732)","(37.1245612761955, 127.670103878549)"
359,,4511,감곡IC~?주JCT,66446,67662,65798,69539,269445,감곡IC,?주JCT,"(37.1245612761955, 127.670103878549)","(37.2320366278668, 127.590280331137)"
360,,4512,?주JCT~?여주IC,18332,17304,19824,18854,74314,?주JCT,?여주IC,"(37.2320366278668, 127.590280331137)","(37.2530559083274, 127.588108767858)"
361,,04512-1,?여주IC~?여주IC,13720,13413,13858,13106,54097,?여주IC,?여주IC,"(37.2530559083274, 127.588108767858)","(37.3043238251196, 127.582385312667)"
362,,4513,?여주IC~북여주IC,17352,14747,14876,15054,62029,?여주IC,북여주IC,"(37.3043238251196, 127.582385312667)","(37.3728179638419, 127.526538180081)"
363,,4514,북여주IC~?양?하?패?IC,9034,9959,10695,10148,39836,북여주IC,?양?하?패?IC,"(37.3728179638419, 127.526538180081)","(37.4809465395503, 127.467292907577)"
364,,04514-1,?양?하?패?IC~?평IC,7803,8120,7438,7965,31326,?양?하?패?IC,?평IC,"(37.4809465395503, 127.467292907577)","(37.521879923289, 127.447005181522)"
365,?동??5002,?창JCT~?곶JCT,142794,128513,138727,137297,547331,?창JCT,?곶JCT,"(37.4329303267572, 126.738517411937)","(37.3876660227533, 126.753241422768)",
366,,5003,?곶JCT~군자JCT,103624,85155,90042,93354,372175,?곶JCT,군자JCT,"(37.3876660227533, 126.753241422768)","(37.3630054106323, 126.768588553383)"
367,,05003-1,군자JCT~?안?IC,101974,97799,107288,101792,408853,군자JCT,?안?IC,"(37.3630054106323, 126.768588553383)","(37.351514143351, 126.80154918573)"
368,,5004,?안?IC~?산IC,127281,126210,134051,128843,516385,?안?IC,?산IC,"(37.351514143351, 126.80154918573)","(37.3488071546109, 126.842019705309)"
369,,5005,?산IC~?산JCT,120717,111248,122305,112219,466489,?산IC,?산JCT,"(37.3488071546109, 126.842019705309)","(37.3436587204538, 126.862239373073)"
370,,5006,?산JCT~??JCT,139231,134129,127446,122552,523358,?산JCT,??JCT,"(37.3436587204538, 126.862239373073)","(37.3223590327468, 126.905093396643)"
371,,05006-1,??JCT~군포IC,56263.97802,131491,129506,130577,447837.978,??JCT,군포IC,"(37.3223590327468, 126.905093396643)","(37.3260912390494, 126.922595162914)"
372,,5007,군포IC~?군?IC,129103,127736,142435,135445,534719,군포IC,?군?IC,"(37.3260912390494, 126.922595162914)","(37.32893047892284, 126.93469242818782)"
373,,5008,?군?IC~부곡IC,148827,138241,167512,167272,621852,?군?IC,부곡IC,"(37.32893047892284, 126.93469242818782)","(37.3238718263062, 126.960583405915)"
374,,5009,부곡IC~북수?IC,139929,134355,143231,137744,555259,부곡IC,북수?IC,"(37.3238718263062, 126.960583405915)","(37.3185583437345, 126.990947547185)"
375,,5010,북수?IC~?수?IC,150711,134327,144385,143044,572467,북수?IC,?수?IC,"(37.3185583437345, 126.990947547185)","(37.2996947374399, 127.050303904582)"
376,,5011,?수?IC~?갈JCT,145794,143141,137333,139741,566009,?수?IC,?갈JCT,"(37.2996947374399, 127.050303904582)","(37.2900153417712, 127.103648843423)"
377,,5012,?갈JCT~마성IC,165603,153176,160182,150613,629574,?갈JCT,마성IC,"(37.2900153417712, 127.103648843423)","(37.2834886413572, 127.176413747802)"
378,,5013,마성IC~?인IC,165148,144688,148596,143988,602420,마성IC,?인IC,"(37.2834886413572, 127.176413747802)","(37.2567058990997, 127.209708774732)"
379,,5014,?인IC~??IC,138423,133006,128140,125923,525492,?인IC,??IC,"(37.2567058990997, 127.209708774732)","(37.2393878768197, 127.294369723648)"
380,,5015,??IC~?평IC,108866,104168,106969,106764,426767,??IC,?평IC,"(37.2393878768197, 127.294369723648)","(37.2414577437089, 127.365167955447)"
381,,5016,?평IC~?법JCT,112829,102645,106796,107403,429673,?평IC,?법JCT,"(37.2414577437089, 127.365167955447)","(37.2350583920676, 127.427164981905)"
382,,5017,?법JCT~?천IC,122427,121362,125937,115376,485102,?법JCT,?천IC,"(37.2350583920676, 127.427164981905)","(37.2452612776321, 127.496589129365)"
383,,5018,?천IC~?주JCT,102596,99971,105041,107340,414948,?천IC,?주JCT,"(37.2452612776321, 127.496589129365)","(37.2320366278668, 127.590280331137)"
384,,05018-1,?주JCT~?주IC,49946,44913,50417,50695,195971,?주JCT,?주IC,"(37.2320366278668, 127.590280331137)","(37.2528496032218, 127.653573413011)"
385,,5019,?주IC~문막IC,36690,37915,37988,37341,149934,?주IC,문막IC,"(37.2528496032218, 127.653573413011)","(37.3119665462099, 127.826613052916)"
386,,5020,문막IC~만종JCT,34446,35458,37515,35686,143105,문막IC,만종JCT,"(37.3119665462099, 127.826613052916)","(37.3650874129991, 127.902384841446)"
387,,5021,만종JCT~?주JCT,21279,23516,23656,22561,91012,만종JCT,?주JCT,"(37.3650874129991, 127.902384841446)","(37.3872079434153, 127.931294478357)"
388,,05021-1,?주JCT~?주IC,39125,42312,41898,40639,163974,?주JCT,?주IC,"(37.3872079434153, 127.931294478357)","(37.4009930675476, 127.950320959257)"
389,,5022,?주IC~?말IC,36313,38626,39872,39538,154349,?주IC,?말IC,"(37.4009930675476, 127.950320959257)","(37.4466594727853, 128.067171095072)"
390,,5023,?말IC~?내IC,31404,30376,32665,34684,129129,?말IC,?내IC,"(37.4466594727853, 128.067171095072)","(37.4926460594368, 128.205660738632)"
391,,5024,?내IC~?둔?하?패?IC,31142,32910,32641,31483,128176,?내IC,?둔?하?패?IC,"(37.4926460594368, 128.205660738632)","(37.5241421816576, 128.278744711609)"
392,,05024-1,?둔?하?패?IC~면온IC,32437,33213,32971,31745,130366,?둔?하?패?IC,면온IC,"(37.5241421816576, 128.278744711609)","(37.5611216194182, 128.367068391422)"
393,,5025,면온IC~?창IC,31695,31795,35200,34096,132786,면온IC,?창IC,"(37.5611216194182, 128.367068391422)","(37.59007432462, 128.413523286092)"
394,,5026,?창IC~?사IC,30208,31862,32775,30591,125436,?창IC,?사IC,"(37.59007432462, 128.413523286092)","(37.6306049089709, 128.489661305356)"
395,,5027,?사IC~진?IC,32184,31280,31614,29849,124927,?사IC,진?IC,"(37.6306049089709, 128.489661305356)","(37.6521679957146, 128.562428932937)"
396,,5028,진?IC~?관?IC,28365,28922,28508,28432,114227,진?IC,?관?IC,"(37.6521679957146, 128.562428932937)","(37.6787839102446, 128.695464563876)"
397,,5029,?관?IC~강릉JCT,30540,30896,31243,29609,122288,?관?IC,강릉JCT,"(37.6787839102446, 128.695464563876)","(37.772579648782, 128.832126582754)"
398,,5201,초월IC~?곤지?IC,60547,53809,56627,57089,228072,초월IC,?곤지?IC,"(37.3715842185326, 127.324509432102)","(37.3808979664337, 127.400659883125)"
399,,5202,?곤지?IC~?천?포IC,50034,51856,53232,50705,205827,?곤지?IC,?천?포IC,"(37.3808979664337, 127.400659883125)","(37.3784480059131, 127.515792793563)"
400,,5203,?천?포IC~??IC,37035,40085,42164,42241,161525,?천?포IC,??IC,"(37.3784480059131, 127.515792793563)","(37.3846472518796, 127.581750383404)"
401,,5204,??IC~?여주IC,35165,38045,39923,39936,153069,??IC,?여주IC,"(37.3846472518796, 127.581750383404)","(37.4002522473509, 127.673504175791)"
402,,5205,?여주IC~?양?IC,33801,36799,38577,38477,147654,?여주IC,?양?IC,"(37.4002522473509, 127.673504175791)","(37.3995546394301, 127.753285092779)"
403,,5206,?양?IC~?원주IC,32743,35666,37394,37009,142812,?양?IC,?원주IC,"(37.3995546394301, 127.753285092779)","(37.3942251969019, 127.858886768882)"
406,중앙??5502,??JCT~초정IC,60770,66191,76662,73274,276897,??JCT,초정IC,"(35.2192538682528, 128.974298079682)","(35.2320615336056, 128.979357595685)",
408,,05502-1,초정IC~?감JCT,90557,99323,107669,99450,396999,초정IC,?감JCT,"(35.2320615336056, 128.979357595685)","(35.2699102247091, 128.983772438181)"
409,,05502-2,?감JCT~??JCT,56263.97802,82674,87843,84783,311563.978,?감JCT,??JCT,"(35.2699102247091, 128.983772438181)","(35.2817692863646, 128.985103583385)"
410,?구??선,05503-1,??JCT~?동IC,53661,47685,42624,42588,186558,??JCT,?동IC,"(35.2817692863646, 128.985103583385)","(35.3186210003188, 128.94397700434)"
411,,05503-2,?동IC~?랑진IC,41947,42024,33764,38161,155896,?동IC,?랑진IC,"(35.3186210003188, 128.94397700434)","(35.3996404671436, 128.822035534512)"
412,,05503-3,?랑진IC~???IC,44353,45006,42196,41612,173167,?랑진IC,???IC,"(35.3996404671436, 128.822035534512)","(35.4512119083926, 128.773686115799)"
413,,05503-4,???IC~밀?IC,43094,43353,40512,40702,167661,???IC,밀?IC,"(35.4512119083926, 128.773686115799)","(35.5017032065981, 128.790726701684)"
414,,05503-5,밀?IC~?IC,39821,37471,36926,38493,152711,밀?IC,?IC,"(35.5017032065981, 128.790726701684)","(35.6525890521087, 128.747783354067)"
415,,05503-6,?IC~?성IC,37984,38649,34028,34579,145240,?IC,?성IC,"(35.6525890521087, 128.747783354067)","(35.8358812330315, 128.692342213471)"
416,,05503-7,?성IC~??구IC,51247,52977,48322,52280,204826,?성IC,??구IC,"(35.8358812330315, 128.692342213471)","(35.8650004174804, 128.686318891978)"
417,,05503-8,??구IC~??구JCT,77919,79648,80108,81697,319372,??구IC,??구JCT,"(35.8650004174804, 128.686318891978)","(35.8856949969194, 128.694438187263)"
418,중앙??5506,금호JCT~칠곡IC,60187,59562,63519,60701,243969,금호JCT,칠곡IC,"(35.8926208154639, 128.525211410393)","(35.9352753640716, 128.535271827071)",
419,,5507,칠곡IC~??IC,51176,52469,52994,49756,206395,칠곡IC,??IC,"(35.9352753640716, 128.535271827071)","(36.0476121560357, 128.517042110651)"
420,,5508,??IC~가?IC,52623,51827,54228,52318,210996,??IC,가?IC,"(36.0476121560357, 128.517042110651)","(36.0958138632475, 128.533281728062)"
421,,5509,가?IC~군위JCT,36337,36521,38158,37998,149014,가?IC,군위JCT,"(36.0958138632475, 128.533281728062)","(36.1622034101875, 128.548482249954)"
422,,05509-1,군위JCT~군위IC,41247,44231,46662,44383,176523,군위JCT,군위IC,"(36.1622034101875, 128.548482249954)","(36.1991305328943, 128.559046265774)"
423,,5510,군위IC~?성IC,36549,37352,40314,40292,154507,군위IC,?성IC,"(36.1991305328943, 128.559046265774)","(36.2920730643434, 128.580733439657)"
424,,5511,?성IC~?동JCT,28845,32571,31706,29474,122596,?성IC,?동JCT,"(36.2920730643434, 128.580733439657)","(36.4321547964564, 128.621544879915)"
425,,05511-1,?동JCT~?안?IC,30067,32020,33503,32029,127619,?동JCT,?안?IC,"(36.4321547964564, 128.621544879915)","(36.4750481317895, 128.621326989965)"
426,,5512,?안?IC~?안?IC,22499,22133,23938,22806,91376,?안?IC,?안?IC,"(36.4750481317895, 128.621326989965)","(36.5886815264809, 128.626579423399)"
427,,5513,?안?IC~?천IC,18435,20059,16882,15977,71353,?안?IC,?천IC,"(36.5886815264809, 128.626579423399)","(36.6678564372155, 128.541844363925)"
428,,5514,?천IC~?주IC,17785,19868,21259,20470,79382,?천IC,?주IC,"(36.6678564372155, 128.541844363925)","(36.7692445680241, 128.571548770958)"
429,,5515,?주IC~?기IC,13915,15912,15215,15169,60211,?주IC,?기IC,"(36.7692445680241, 128.571548770958)","(36.8526491326129, 128.530444027944)"
430,,5516,?기IC~?양IC,19511,22088,23088,22255,86942,?기IC,?양IC,"(36.8526491326129, 128.530444027944)","(36.9178810673718, 128.36464199291)"
431,,5517,?양IC~북단?IC,19112,21273,20210,19405,80000,?양IC,북단?IC,"(36.9178810673718, 128.36464199291)","(37.0149432156226, 128.288462065706)"
432,,5518,북단?IC~?제천IC,25423,25747,24188,23044,98402,북단?IC,?제천IC,"(37.0149432156226, 128.288462065706)","(37.0761796756832, 128.181878591756)"
433,,5519,?제천IC~?천JCT,21249,20462,22694,22647,87052,?제천IC,?천JCT,"(37.0761796756832, 128.181878591756)","(37.0800688082292, 128.174953182517)"
434,,05519-1,?천JCT~?천IC,56263.97802,16659,17010,16759,106691.978,?천JCT,?천IC,"(37.0800688082292, 128.174953182517)","(37.1331667891018, 128.14257142341)"
435,,5520,?천IC~?림IC,27654,31935,31278,30794,121661,?천IC,?림IC,"(37.1331667891018, 128.14257142341)","(37.2256766332941, 128.087656315424)"
436,,5521,?림IC~?원주IC,30936,31248,31543,30660,124387,?림IC,?원주IC,"(37.2256766332941, 128.087656315424)","(37.3241190720753, 127.930059491378)"
437,,5522,?원주IC~만종JCT,35044,42594,47258,46298,171194,?원주IC,만종JCT,"(37.3241190720753, 127.930059491378)","(37.3650874129991, 127.902384841446)"
439,,05523-1,?평JCT~북원주IC,18197,18722,22565,22099,81583,?평JCT,북원주IC,"(37.3863871102296, 127.893344898069)","(37.4206691669383, 127.923218188464)"
440,,5524,북원주IC~?성IC,19589,20311,21298,20587,81785,북원주IC,?성IC,"(37.4206691669383, 127.923218188464)","(37.5049679706601, 127.97005803474)"
441,,5525,?성IC~?천IC,20101,20216,20497,19488,80302,?성IC,?천IC,"(37.5049679706601, 127.97005803474)","(37.6779531313786, 127.855867340826)"
442,,5526,?천IC~춘천JCT,23248,22206,24753,22761,92968,?천IC,춘천JCT,"(37.6779531313786, 127.855867340826)","(37.756084915468, 127.787941624999)"
443,,5527,춘천JCT~춘천IC,30390,33013,36315,37475,137193,춘천JCT,춘천IC,"(37.756084915468, 127.787941624999)","(37.8423688537514, 127.76676885756)"
444,강일춘천??6001,강일JCT~?동IC,151853,170923,180930,187740,691446,강일JCT,?동IC,"(37.5319114473726, 127.19631658709)","(37.5809744203531, 127.188497871784)",
445,,6002,?동IC~미사IC,114827,117179,144665,148730,525401,?동IC,미사IC,"(37.5809744203531, 127.188497871784)","(37.5809744203531, 127.188497871784)"
446,,6003,미사IC~?소?패IC,88543,84052,89200,93665,355460,미사IC,?소?패IC,"(37.5809744203531, 127.188497871784)","(37.5924857226959, 127.207685290828)"
447,,6004,?소?패IC~?도IC,77132,77643,87754,86082,328611,?소?패IC,?도IC,"(37.5924857226959, 127.207685290828)","(37.6318075886669, 127.311299808984)"
448,,6005,?도IC~?종IC,53178,56042,61077,59564,229861,?도IC,?종IC,"(37.6318075886669, 127.311299808984)","(37.634286457028, 127.370172299466)"
449,,6006,?종IC~?악IC,49963,49732,64005,62507,226207,?종IC,?악IC,"(37.634286457028, 127.370172299466)","(37.6696309102942, 127.495617447954)"
450,,6007,?악IC~강촌IC,44438,42018,44567,47632,178655,?악IC,강촌IC,"(37.6696309102942, 127.495617447954)","(37.7346229537189, 127.624573514836)"
451,,6008,강촌IC~?춘천IC,39427,38290,44831,46022,168570,강촌IC,?춘천IC,"(37.7346229537189, 127.624573514836)","(37.7515862118463, 127.72349349015)"
452,,6009,?춘천IC~조양IC,30720,34164,27547,26079,118510,?춘천IC,조양IC,"(37.7515862118463, 127.72349349015)","(37.7571435496949, 127.7837496575)"
453,,6010,조양IC~춘천JCT,32361,23247,35802,35821,127231,조양IC,춘천JCT,"(37.7571435496949, 127.7837496575)","(37.756084915468, 127.787941624999)"
454,?울?양??6011,춘천JCT~?홍천IC,28377,29345,32388,32106,122216,춘천JCT,?홍천IC,"(37.756084915468, 127.787941624999)","(37.7585436347082, 127.965584540936)",
455,,6012,?홍천IC~?촌IC,24551,26342,29009,30000,109902,?홍천IC,?촌IC,"(37.7585436347082, 127.965584540936)","(37.7887399027595, 128.13937297814)"
456,,6013,?촌IC~?제IC,23478,25364,26917,27177,102936,?촌IC,?제IC,"(37.7887399027595, 128.13937297814)","(37.9141430149767, 128.288501082839)"
457,,6014,?제IC~?양?IC,22334,24243,25556,25786,97919,?제IC,?양?IC,"(37.9141430149767, 128.288501082839)","(37.995069278713, 128.532561647342)"
458,,6015,?양?IC~?양JC,21667,22599,24740,26044,95050,?양?IC,?양JC,"(37.995069278713, 128.532561647342)","(38.067056492235, 128.600497995815)"
459,부?울?선,06500-1,???IC~?운?IC,38713,43255,43180,46273,171421,???IC,?운?IC,"(35.2006665169476, 129.203118974085)","(35.2113661225449, 129.20482233487)"
461,,06500-2,?운?IC~기장IC,44202,48972,51395,50593,195162,?운?IC,기장IC,"(35.2113661225449, 129.20482233487)","(35.283714704608, 129.150220829684)"
462,,06500-3,기장IC~?안IC,40967,37781,42480,42015,163243,기장IC,?안IC,"(35.283714704608, 129.150220829684)","(35.3275733543588, 129.236461985661)"
463,,06500-4,?안IC~?양IC,42359,48994,53408,49669,194430,?안IC,?양IC,"(35.3275733543588, 129.236461985661)","(35.4136865291637, 129.260625461902)"
464,,06500-5,?양IC~?IC,40129,43201,44403,45100,172833,?양IC,?IC,"(35.4136865291637, 129.260625461902)","(35.4790065117889, 129.281952110403)"
465,,06500-6,?IC~?주JCT,31846,29695,31387,30325,123253,?IC,?주JCT,"(35.4790065117889, 129.281952110403)","(35.5023468546237, 129.258462624993)"
466,,06500-12,?주JCT~문수IC,56263.97802,56263.97802,56263.97802,56263.97802,225055.9121,?주JCT,문수IC,"(35.5023468546237, 129.258462624993)","(35.5172472929118, 129.24958250606)"
467,,06500-7,문수IC~?산JCT,30101,33133,30951,31640,125825,문수IC,?산JCT,"(35.5172472929118, 129.24958250606)","(35.5609292, 129.2396434)"
468,?해??06500-8,?산JCT~범서IC,23813,24370,23144,22104,93431,?산JCT,범서IC,"(35.5665720346864, 129.129989748955)","(35.6179160756821, 129.283615724103)",
469,,06500-9,범서IC~?경주IC,21852,22011,21730,21052,86645,범서IC,?경주IC,"(35.6179160756821, 129.283615724103)","(35.7323464462322, 129.314701201749)"
470,,06500-10,?경주IC~?경주IC,17168,17787,20108,20081,75144,?경주IC,?경주IC,"(35.7323464462322, 129.314701201749)","(35.7821882563381, 129.424377646915)"
471,,06500-11,?경주IC~?포?IC,17769,20077,19695,18794,76335,?경주IC,?포?IC,"(35.7821882563381, 129.424377646915)","(35.9462078660098, 129.38998814531)"
472,,06501-1,근덕IC~?척IC,5864,6169,7681,7699,27413,근덕IC,?척IC,"(37.3953262028189, 129.202254979437)","(37.4507712960577, 129.129335656497)"
473,,06501-2,?척IC~?해IC,12189,12034,12994,12156,49373,?척IC,?해IC,"(37.4507712960577, 129.129335656497)","(37.5118619382096, 129.095158698147)"
474,,6501,?해IC~망상IC,16988,18139,21668,21013,77808,?해IC,망상IC,"(37.5118619382096, 129.095158698147)","(37.5839009097154, 129.092902574977)"
475,,6502,망상IC~?계IC,21579,23391,26201,25222,96393,망상IC,?계IC,"(37.5839009097154, 129.092902574977)","(37.6191787278386, 129.037478937396)"
476,,6503,?계IC~?강릉IC,21998,21965,24504,23247,91714,?계IC,?강릉IC,"(37.6191787278386, 129.037478937396)","(37.6939830130528, 128.891382010684)"
477,,06503-1,?강릉IC~강릉IC,16948,17897,20364,19256,74465,?강릉IC,강릉IC,"(37.6939830130528, 128.891382010684)","(37.7494074696224, 128.838752419233)"
478,,6504,강릉IC~강릉JCT,25569,11403,32215,31679,100866,강릉IC,강릉JCT,"(37.7494074696224, 128.838752419233)","(37.772579648782, 128.832126582754)"
479,,6505,강릉JCT~북강릉IC,17006,13470,18803,17897,67176,강릉JCT,북강릉IC,"(37.772579648782, 128.832126582754)","(37.835637967844, 128.814725815899)"
480,,6506,북강릉IC~?양?IC,14226,15362,16837,16323,62748,북강릉IC,?양?IC,"(37.835637967844, 128.814725815899)","(37.9152546470267, 128.789740868977)"
481,,6507,?양?IC~?조?IC,9073,14223,18380,18280,59956,?양?IC,?조?IC,"(37.9152546470267, 128.789740868977)","(38.0252008939297, 128.69453140821)"
482,,6508,?조?IC~?양IC,13362,14509,16171,16264,60306,?조?IC,?양IC,"(38.0252008939297, 128.69453140821)","(38.067056492235, 128.600497995815)"
483,,6509,?양IC~북양?IC,13417,15524,17941,18507,65389,?양IC,북양?IC,"(38.067056492235, 128.600497995815)","(38.1544573626418, 128.585969786095)"
484,,6510,북양?IC~?초IC,8795,10466,10559,11130,40950,북양?IC,?초IC,"(38.1544573626418, 128.585969786095)","(38.2042449465266, 128.517475616589)"
485,?도권제1?환????),10001,?교JCT~?남IC,228497,191438,212243,209014,841192,?교JCT,?남IC,"(37.4058447047289, 127.094713623865)","(37.4272516303309, 127.123437517396)"
486,,10002,?남IC~?파IC,177251,170036,176942,175490,699719,?남IC,?파IC,"(37.4272516303309, 127.123437517396)","(37.4747617394354, 127.128792856189)"
487,,10003,?파IC~?하?IC,207966,165496,221261,202516,797239,?파IC,?하?IC,"(37.4747617394354, 127.128792856189)","(37.5123355066532, 127.151574031752)"
488,,10004,?하?IC~?남JCT,177363,170390,175491,174832,698076,?하?IC,?남JCT,"(37.5123355066532, 127.151574031752)","(37.5319114473726, 127.19631658709)"
489,,10005,?남JCT~?일IC,235329,238388,250898,223519,948134,?남JCT,?일IC,"(37.5319114473726, 127.19631658709)","(37.5488662186772, 127.1794680357)"
490,,10006,?일IC~강일IC,276808,234665,248036,239881,999390,?일IC,강일IC,"(37.5488662186772, 127.1794680357)","(37.5729828463899, 127.165506102561)"
491,,10007,강일IC~?평IC,160270,147794,154274,140100,602438,강일IC,?평IC,"(37.5729828463899, 127.165506102561)","(37.5825982440052, 127.157608044202)"
492,,10008,?평IC~?양주IC,208793,193186,198566,188115,788660,?평IC,?양주IC,"(37.5825982440052, 127.157608044202)","(37.6002759940483, 127.154655762102)"
493,,10009,?양주IC~구리IC,178194,178549,178730,166752,702225,?양주IC,구리IC,"(37.6002759940483, 127.154655762102)","(37.6154397640065, 127.141634605006)"
494,,10010,구리IC~?계?IC,213144,172174,164581,161442,711341,구리IC,?계?IC,"(37.6154397640065, 127.141634605006)","(37.638824573798, 127.133371856826)"
495,?도권제1?환??북?),10031,?계?IC~별내IC,113804,115694,122264,129776,481538,?계?IC,별내IC,"(37.638824573798, 127.133371856826)","(37.6593192012037, 127.117283808192)"
496,,10030,별내IC~?정부IC,100631,126043,133304,141331,501309,별내IC,?정부IC,"(37.6593192012037, 127.117283808192)","(37.6932920335997, 127.054822721202)"
497,,10029-1,?정부IC~?원IC,142478,149580,158098,166803,616959,?정부IC,?원IC,"(37.6932920335997, 127.054822721202)","(37.7079331145381, 127.040939145153)"
498,,10029,?원IC~?추IC,130208,137967,144523,154385,567083,?원IC,?추IC,"(37.7079331145381, 127.040939145153)","(37.7107225092722, 126.971171410296)"
499,,10028,?추IC~?일로IC,125948,135524,137567,148438,547477,?추IC,?일로IC,"(37.7107225092722, 126.971171410296)","(37.6740010123988, 126.885817098877)"
502,,10026,고양IC~?산IC,142506,150609,155888,161999,611002,고양IC,?산IC,"(37.656472751337, 126.817907022102)","(37.6361903121525, 126.804687355174)"
503,?도권제1?환????),10025,?산IC~?유로JCT,170442,182571,203454,189032,745499,?산IC,?유로JCT,"(37.6361903121525, 126.804687355174)","(37.6176307655877, 126.798701027861)"
504,,10024,?유로JCT~김?IC,224856,191014,206940,201740,824550,?유로JCT,김?IC,"(37.6176307655877, 126.798701027861)","(37.5974321375432, 126.775569105246)"
505,,10023,김?IC~?오지JCT,194504,188135,198543,189513,770695,김?IC,?오지JCT,"(37.5974321375432, 126.775569105246)","(37.5703145700844, 126.753233242803)"
506,,10022,?오지JCT~계양IC,187040,173747,181537,170514,712838,?오지JCT,계양IC,"(37.5703145700844, 126.753233242803)","(37.5440825381865, 126.748743708058)"
507,,10021,계양IC~?운JCT,256317,218413,214199,212076,901005,계양IC,?운JCT,"(37.5440825381865, 126.748743708058)","(37.5267687998923, 126.752082551972)"
508,,10020,?운JCT~중동IC,233834,246657,270418,253490,1004399,?운JCT,중동IC,"(37.5267687998923, 126.752082551972)","(37.5061201609397, 126.748065731418)"
509,,10019,중동IC~?내IC,205179,239874,222258,211004,878315,중동IC,?내IC,"(37.5061201609397, 126.748065731418)","(37.4876872037478, 126.747123578917)"
510,,10018,?내IC~?수IC,230754,276105,244900,230823,982582,?내IC,?수IC,"(37.4876872037478, 126.747123578917)","(37.4668104096828, 126.754600251354)"
511,,10017,?수IC~?흥IC,159813,176641,165366,155771,657591,?수IC,?흥IC,"(37.4668104096828, 126.754600251354)","(37.4558229, 126.797157)"
512,,10016,?흥IC~?현JCT,160299,160389,159556,152620,632864,?흥IC,?현JCT,"(37.4558229, 126.797157)","(37.4558229, 126.797157, 126.816577236489)"
513,,10015,?현JCT~?리JCT,148274,162691,149145,142884,602994,?현JCT,?리JCT,"(37.4372939778016, 126.816577236489)","(37.3954208911771, 126.849009548589)"
514,,10015-1,?리JCT~조남JCT,165141,187266,170380,162491,685278,?리JCT,조남JCT,"(37.3954208911771, 126.849009548589)","(37.368795975382, 126.868927450731)"
515,,10014,조남JCT~?본IC,180938,161485,162162,154501,659086,조남JCT,?본IC,"(37.368795975382, 126.868927450731)","(37.3757737206854, 126.927918311855)"
516,,10013,?본IC~?촌IC,168582,151164,151083,136274,607103,?본IC,?촌IC,"(37.3757737206854, 126.927918311855)","(37.3819105557798, 126.965990892245)"
517,,10012,?촌IC~?의JCT,167579,162913,157881,153431,641804,?촌IC,?의JCT,"(37.3819105557798, 126.965990892245)","(37.3872531008002, 127.001522162374)"
518,,10011,?의JCT~?교JCT,183536,171558,167522,158708,681324,?의JCT,?교JCT,"(37.3872531008002, 127.001522162374)","(37.4058447047289, 127.094713623865)"
519,?해??지??10204,?인JCT~?서JCT,28798,36395,34957,33962,134112,?인JCT,?서JCT,"(35.2723638807409, 128.48070870033)","(35.2588133840937, 128.515306564151)",
520,,10205,?서JCT~?마?IC,53321,64361,54802,52982,225466,?서JCT,?마?IC,"(35.2588133840937, 128.515306564151)","(35.2351413388314, 128.562231292078)"
521,,10206,?마?IC~?마?IC,56134,64766,59027,57136,237063,?마?IC,?마?IC,"(35.2351413388314, 128.562231292078)","(35.252628231408, 128.596797254556)"
522,,10207,?마?IC~창원JCT,39821,43155,42847,42594,168417,?마?IC,창원JCT,"(35.252628231408, 128.596797254556)","(35.2751826800915, 128.641339663334)"
523,?해??지??10401,?정JCT~?유IC,63650,53768,59908,62354,239680,?정JCT,?유IC,"(35.2208847764815, 128.795038093969)","(35.1972338733953, 128.808342099471)",
524,,10402,?유IC~가?IC,64804,65105,64322,61212,255443,?유IC,가?IC,"(35.1972338733953, 128.808342099471)","(35.1654228959564, 128.892005107473)"
525,,10403,가?IC~???IC,102060,100011,94751,90598,387420,가?IC,???IC,"(35.1654228959564, 128.892005107473)","(35.1559397900515, 128.951685335932)"
526,,10404,???IC~?상IC,127765,134989,128972,120306,512032,???IC,?상IC,"(35.1559397900515, 128.951685335932)","(35.1526346618049, 128.971690541912)"
527,부?항?항??10502,진해?업???청IC,12851,28363,30863,34590,106667,진해?업???청IC,"(35.1497786947875, 128.697582711691)","(35.1792835218616, 128.785398609917)",,
529,,10503,?청IC~?진례IC,10104,19706,21474,22363,73647,?청IC,?진례IC,"(35.1792835218616, 128.785398609917)","(35.2243997610406, 128.773993792242)"
530,??경인???천??,11000,공항?도?JCT~?익JCT,48086,52740,57125,42520,200471,공항?도?JCT,?익JCT,"(37.4853349902335, 126.488891392266)","(37.4369076789693, 126.65134889404)"
532,,11001-1,?익JCT~문학IC,76012,81389,80755,79341,317497,?익JCT,문학IC,"(37.4369076789693, 126.65134889404)","(37.4362995967686, 126.675758243892)"
533,,11002,문학IC~?동IC,127411,132794,126479,125337,512021,문학IC,?동IC,"(37.4362995967686, 126.675758243892)","(37.4337919203709, 126.712242074914)"
534,,11003,?동IC~?창JCT,177119,201066,218215,214073,810473,?동IC,?창JCT,"(37.4337919203709, 126.712242074914)","(37.4329303267572, 126.738517411937)"
535,,11004,?창JCT~?천IC,75344,82743,85471,82954,326512,?창JCT,?천IC,"(37.4329303267572, 126.738517411937)","(37.4306530806875, 126.781364708231)"
536,,11005,?천IC~?현JCT,116964,111418,126927,117150,472459,?천IC,?현JCT,"(37.4306530806875, 126.781364708231)","(37.4372939778016, 126.816577236489)"
537,,11006,?현JCT~광명IC,129632,134764,132367,126394,523157,?현JCT,광명IC,"(37.4372939778016, 126.816577236489)","(37.4397918553313, 126.849982633355)"
538,,11007,광명IC~?직JCT,121967,131536,135289,125057,513849,광명IC,?직JCT,"(37.4397918553313, 126.849982633355)","(37.4237877672282, 126.894833941224)"
539,,11008,?직JCT~?수IC,105196,141593,144868,136491,528148,?직JCT,?수IC,"(37.4237877672282, 126.894833941224)","(37.4240208552966, 126.906289300975)"
540,??경인???양?남),11009,?수IC~?막IC,56263.97802,82391,84329,85462,308445.978,?수IC,?막IC,"(37.4240208552966, 126.906289300975)","(37.42666344655699, 126.913251174025)"
541,,11010,?막IC~북의?IC,56263.97802,82427,86676,85975,311341.978,?막IC,북의?IC,"(37.42666344655699, 126.913251174025)","(37.4064550467328, 126.987675019441)"
542,,11011,북의?IC~북청계IC,56263.97802,83980,86964,87617,314824.978,북의?IC,북청계IC,"(37.4064550467328, 126.987675019441)","(37.3986995217688, 127.006496149403)"
543,,11012,북청계IC~?판교IC,56263.97802,62766,64801,64860,248690.978,북청계IC,?판교IC,"(37.3986995217688, 127.006496149403)","(37.4127552425511, 127.105679277581)"
544,,11013,?판교IC~?수?로IC,56263.97802,43071,44751,44443,188528.978,?판교IC,?수?로IC,"(37.4127552425511, 127.105679277581)","(37.4221230851379, 127.116284728048)"
545,경인??12004,?인천IC~부?IC,186822,181479,191755,185001,745057,?인천IC,부?IC,"(37.5235314551845, 126.690580534073)","(37.5238227074246, 126.7222046074)",
546,,12005,부?IC~?운JCT,150002,142494,157339,151181,601016,부?IC,?운JCT,"(37.5238227074246, 126.7222046074)","(37.5267687998923, 126.752082551972)"
547,,12006,?운JCT~부천IC,152202,167484,172530,159895,652111,?운JCT,부천IC,"(37.5267687998923, 126.752082551972)","(37.5241911881222, 126.777014975207)"
548,,12007,부천IC~?월IC,168050,175949,174495,162967,681461,부천IC,?월IC,"(37.5241911881222, 126.777014975207)","(37.5255512468868, 126.834864591611)"
549,?천?공항??13001,?천공항~공항?도?IC,82838,73971,74755,31748,263312,?천공항,공항?도?IC,"(37.4494502813442, 126.45042670237)","(37.4853349902335, 126.488891392266)",
550,,13001-1,공항?도?IC~공항?구JCT,58428,49632,49892,25230,183182,공항?도?IC,공항?구JCT,"(37.4853349902335, 126.488891392266)","(37.5056141222191, 126.507432262175)"
551,,13001-2,공항?구JCT~금산IC,56263.97802,56263.97802,56263.97802,42847,211638.9341,공항?구JCT,금산IC,"(37.5056141222191, 126.507432262175)","(37.510845936269, 126.522952072544)"
552,,13002,금산IC~북인천IC,82641,87276,93545,62128,325590,금산IC,북인천IC,"(37.510845936269, 126.522952072544)","(37.5540535409461, 126.61131184854)"
553,,13003,북인천IC~?IC,48669,48819,54472,26094,178054,북인천IC,?IC,"(37.5540535409461, 126.61131184854)","(37.56387389275932, 126.66400528289834)"
554,,13003-1,?IC~?오지JCT,81507,86431,87887,63197,319022,?IC,?오지JCT,"(37.56387389275932, 126.66400528289834)","(37.5703145700844, 126.753233242803)"
555,,13004,?오지JCT~김?공?IC,55845,60216,61086,41020,218167,?오지JCT,김?공?IC,"(37.5703145700844, 126.753233242803)","(37.583844872726, 126.791097867713)"
556,,13005,김?공?IC~88JCT,45315,49907,49994,33609,178825,김?공?IC,88JCT,"(37.583844872726, 126.791097867713)","(37.5840623931627, 126.820343344967)"
557,,13005-1,88JCT~북로JCT,21779,26230,27039,19278,94326,88JCT,북로JCT,"(37.5840623931627, 126.820343344967)","(37.5954482478014, 126.833256331126)"
558,?천공주??15101,?서천IC~?서천JCT,2035,2332,2917,2892,10176,?서천IC,?서천JCT,"(36.0428071164421, 126.784457639954)","(36.0579687326305, 126.774347250207)",
559,,15102,?서천JCT~???IC,14468,15331,20959,21086,71844,?서천JCT,???IC,"(36.0579687326305, 126.774347250207)","(36.2394898876049, 126.789961875808)"
560,,15103,???IC~부?IC,15483,17043,17174,16842,66542,???IC,부?IC,"(36.2394898876049, 126.789961875808)","(36.2977416828914, 126.851691501797)"
561,,15104,부?IC~?IC,17253,19577,19344,19437,75611,부?IC,?IC,"(36.2977416828914, 126.851691501797)","(36.37425466414, 126.950779928735)"
562,,15105,?IC~?공주IC,18182,21928,19742,19617,79469,?IC,?공주IC,"(36.37425466414, 126.950779928735)","(36.4553306684598, 127.058445466873)"
563,,15106,?공주IC~?공주JCT,20279,21286,21963,20776,84304,?공주IC,?공주JCT,"(36.4553306684598, 127.058445466873)","(36.4862332594855, 127.065530621465)"
564,?택?흥??15301,?평?JCT~조암IC,56292,57973,55688,58029,227982,?평?JCT,조암IC,"(37.0542596545645, 126.888564603894)","(37.1187255132144, 126.818401796996)",
565,,15302,조암IC~마도JCT,64871,65109,63388,64046,257414,조암IC,마도JCT,"(37.1187255132144, 126.818401796996)","(37.1882753856595, 126.775745018827)"
566,,15302-1,마도JCT~?산마도IC,56263.97802,56263.97802,56263.97802,56263.97802,225055.9121,마도JCT,?산마도IC,"(37.1882753856595, 126.775745018827)","(37.2096927291568, 126.759801850646)"
567,,15303,?산마도IC~?안?IC,75440,74217,74163,74409,298229,?산마도IC,?안?IC,"(37.2096927291568, 126.759801850646)","(37.3304224752977, 126.749998591163)"
568,,15304,?안?IC~군자JCT,62801,65649,65988,65411,259849,?안?IC,군자JCT,"(37.3304224752977, 126.749998591163)","(37.3630054106323, 126.768588553383)"
569,?산?성??17101,?오?JCT~?녕IC,44659,46667,49115,50123,190564,?오?JCT,?녕IC,"(37.1764675357893, 126.998355958526)","(37.1955907326583, 127.013646732442)",
570,?인?울??17111,?덕IC~광교?현IC,72403,75111,94991,94014,336519,?덕IC,광교?현IC,"(37.2786918516755, 127.079345318541)","(37.2986303043939, 127.060580385778)",
571,,17112,광교?현IC~?수지IC,114320,99514,132985,130371,477190,광교?현IC,?수지IC,"(37.2986303043939, 127.060580385778)","(37.3241567622167, 127.056656489507)"
572,,17113,?수지IC~?분?IC,119902,127951,141048,133815,522716,?수지IC,?분?IC,"(37.3241567622167, 127.056656489507)","(37.361178751893, 127.062865670955)"
573,,17114,?분?IC~?판교IC,113779,120251,135836,130233,500099,?분?IC,?판교IC,"(37.361178751893, 127.062865670955)","(37.3883676565773, 127.070043085453)"
574,,17115,?판교IC~금토JCT,74690,87568,64854,68270,295382,?판교IC,금토JCT,"(37.3883676565773, 127.070043085453)","(37.4154245656139, 127.084934113492)"
575,,17115-1,금토JCT~고등IC,56263.97802,56263.97802,56263.97802,56263.97802,225055.9121,금토JCT,고등IC,"(37.4154245656139, 127.084934113492)","(37.4277425113959, 127.090818509852)"
576,,17116,고등IC~?릉IC,61876,57117,53521,56029,228543,고등IC,?릉IC,"(37.4277425113959, 127.090818509852)","(37.464848554996, 127.092518230166)"
577,?남????25101,?산JCT~?산IC,37057,40814,42103,39816,159790,?산JCT,?산IC,"(36.08193482543607, 127.10267530508318)","(36.1222797765661, 127.134421460347)",
578,,25102,?산IC~?촌?이?스IC,42734,45999,48150,45961,182844,?산IC,?촌?이?스IC,"(36.1222797765661, 127.134421460347)","(36.1589364677896, 127.216330982898)"
579,,25102-1,?촌?이?스IC~계룡IC,40395,46636,48914,44664,180609,?촌?이?스IC,계룡IC,"(36.1589364677896, 127.216330982898)","(36.2523741571275, 127.280044732071)"
580,,25103,계룡IC~???JCT,46123,49018,50760,50260,196161,계룡IC,???JCT,"(36.2523741571275, 127.280044732071)","(36.2941357244878, 127.316017912129)"
581,,25104,???JCT~?성IC,53615,50282,55017,53938,212852,???JCT,?성IC,"(36.2941357244878, 127.316017912129)","(36.364199419588, 127.331120292931)"
582,,25105,?성IC~?성JCT,63262,65340,66337,64635,259574,?성IC,?성JCT,"(36.364199419588, 127.331120292931)","(36.3891296017114, 127.34004907163)"
583,,25105-1,?성JCT~북??IC,62522,61880,67191,65653,257246,?성JCT,북??IC,"(36.3891296017114, 127.34004907163)","(36.4113319428757, 127.381433008124)"
584,,25106,북??IC~?덕JCT,74643,73870,76990,78251,303754,북??IC,?덕JCT,"(36.4113319428757, 127.381433008124)","(36.4046768881614, 127.419317369344)"
585,고창?양??25301,고창JCT~?고창IC,19365,16907,16554,15931,68757,고창JCT,?고창IC,"(35.4171838332552, 126.652998288251)","(35.4007339158008, 126.678070608577)",
586,,25301-1,?고창IC~?성물류IC,19022,20773,20673,20183,80651,?고창IC,?성물류IC,"(35.4007339158008, 126.678070608577)","(35.3502196448147, 126.761872687919)"
587,,25302,?성물류IC~?성JCT,18288,16611,19111,19702,73712,?성물류IC,?성JCT,"(35.3502196448147, 126.761872687919)","(35.3299511946698, 126.804457243183)"
588,,25303,?성JCT~북광주IC,11622,12367,12952,13611,50552,?성JCT,북광주IC,"(35.3299511946698, 126.804457243183)","(35.2610603132968, 126.894405662658)"
589,,25304,북광주IC~?양JCT,16928,19670,19448,18689,74735,북광주IC,?양JCT,"(35.2610603132968, 126.894405662658)","(35.2519341239336, 126.969756334993)"
590,,25305,?양JCT~??JCT,10296,11576,11940,11414,45226,?양JCT,??JCT,"(35.2519341239336, 126.969756334993)","(35.246492291725794, 127.03508268029607)"
591,??남부?환??30001,???JCT~???IC,39045,41496,45186,41707,167434,???JCT,???IC,"(36.2941357244878, 127.316017912129)","(36.2917510012561, 127.32747428983)",
592,,30002,???IC~?영IC,37654,37809,41874,39931,157268,???IC,?영IC,"(36.2917510012561, 127.32747428983)","(36.2839225384283, 127.377276897722)"
593,,30003,?영IC~?내JCT,35568,30370,31160,30030,127128,?영IC,?내JCT,"(36.2839225384283, 127.377276897722)","(36.2819966873156, 127.448534724104)"
594,?주?천??30101,?천JCT~?영천IC,16074,17457,21214,21744,76489,?천JCT,?영천IC,"(35.9189266250469, 129.005577558903)","(35.9948001199613, 128.957370079664)",
595,,30102,?영천IC~?산JCT,16657,18094,21510,22395,78656,?영천IC,?산JCT,"(35.9948001199613, 128.957370079664)","(36.0236696327326, 128.894369935421)"
597,,30104,?녕IC~?군?IC,22313,25888,29780,33300,111281,?녕IC,?군?IC,"(36.042651888332, 128.810994427184)","(36.0972637457105, 128.661352686698)"
598,,30105,?군?IC~군위JCT,24279,26649,26949,27528,105405,?군?IC,군위JCT,"(36.0972637457105, 128.661352686698)","(36.1622034101875, 128.548482249954)"
599,,30106,군위JCT~?군?하?패?IC,18923,19609,22589,27927,89048,군위JCT,?군?하?패?IC,"(36.1622034101875, 128.548482249954)","(36.2463731714824, 128.479901535346)"
600,,30107,?군?하?패?IC~?개IC,20592,22932,28351,30752,102627,?군?하?패?IC,?개IC,"(36.2463731714824, 128.479901535346)","(36.313630035391, 128.321948566821)"
601,,30108,?개IC~?주JCT,24930,25893,27429,32321,110573,?개IC,?주JCT,"(36.313630035391, 128.321948566821)","(36.3660937799444, 128.239129255443)"
602,,30109,?주JCT~?동JCT,32964,33173,39071,39729,144937,?주JCT,?동JCT,"(36.3660937799444, 128.239129255443)","(36.3660937799444, 128.239129255443)"
603,?도권제2?환??봉담),40001,?탄JCT~북오?IC,57066,58612,60692,64654,241024,?탄JCT,북오?IC,"(37.1775784604366, 127.095932338504)","(37.1836335780999, 127.056718029395)"
604,,40002,북오?IC~?오?JCT,52828,53724,61497,68937,236986,북오?IC,?오?JCT,"(37.1836335780999, 127.056718029395)","(37.1764675357893, 126.998355958526)"
605,?도권제2?환???천),40003,?점IC~?청?IC,48363,63415,67733,76912,256423,?점IC,?청?IC,"(37.446364333068, 126.632206619123)","(37.514769442323, 126.625600293236)"
606,,40004,?청?IC~북청?IC,46284,59450,64058,72888,242680,?청?IC,북청?IC,"(37.514769442323, 126.625600293236)","(37.5592741963233, 126.623077929212)"
607,,40005,북청?IC~검?양촌IC,43477,56072,61185,68965,229699,북청?IC,검?양촌IC,"(37.5592741963233, 126.623077929212)","(37.6006109294591, 126.618394195987)"
608,,40006,검?양촌IC~?곶IC,31911,38123,40660,45474,156168,검?양촌IC,?곶IC,"(37.6006109294591, 126.618394195987)","(37.6476750461805, 126.603228006176)"
609,,40007,?곶IC~???통진IC,17321,21917,22624,27909,89771,?곶IC,???통진IC,"(37.6476750461805, 126.603228006176)","(37.675086257717, 126.634426785404)"
610,?도권제2?환??봉담),40011,?성JCT~?봉?IC,56263.97802,56263.97802,56263.97802,56263.97802,225055.9121,?성JCT,?봉?IC,"(37.1979085, 126.9635012)","(37.19924199781369, 126.94803381465097)"
611,,40012,?봉?IC~?비봉팔?IC,56263.97802,56263.97802,56263.97802,56263.97802,225055.9121,?봉?IC,?비봉팔?IC,"(37.19924199781369, 126.94803381465097)","(37.1991469553782, 126.88859979192753)"
612,,40013,?비봉팔?IC~?탄JCT,56263.97802,56263.97802,56263.97802,56263.97802,225055.9121,?비봉팔?IC,?탄JCT,"(37.1991469553782, 126.88859979192753)","(37.191755191714925, 126.87211061901)"
613,,40014,?탄JCT~?성IC,56263.97802,56263.97802,56263.97802,56263.97802,225055.9121,?탄JCT,?성IC,"(37.191755191714925, 126.87211061901)","(37.18935146302527, 126.8115710718589)"
614,,40015,?성IC~마도IC,56263.97802,56263.97802,56263.97802,56263.97802,225055.9121,?성IC,마도IC,"(37.18935146302527, 126.8115710718589)","(37.1879689776856, 126.785449473473)"
615,,40016,마도IC~마도JCT,56263.97802,56263.97802,56263.97802,56263.97802,225055.9121,마도IC,마도JCT,"(37.1879689776856, 126.785449473473)","(37.1882753856595, 126.775745018827)"
616,중??륙지??45101,?풍JCT~북현?하?패?IC,34534,36268,34394,33231,138427,?풍JCT,북현?하?패?IC,"(35.6749585688799, 128.434790935077)","(35.70438657138569, 128.43731132860879)",
617,,45101-1,북현?하?패?IC~?성IC,56263.97802,39389,38735,36273,170660.978,북현?하?패?IC,?성IC,"(35.70438657138569, 128.43731132860879)","(35.7698652481956, 128.473745320855)"
618,,45102,?성IC~?포JCT,46641,49472,49646,48942,194701,?성IC,?포JCT,"(35.7698652481956, 128.473745320855)","(35.7927230631025, 128.463672761968)"
619,,45103,?포JCT~?원?포IC,81784,82321,76890,73458,314453,?포JCT,?원?포IC,"(35.7927230631025, 128.463672761968)","(35.8004394323713, 128.479088694494)"
620,,45104,?원?포IC~?천?이?스IC,95422,92282,93640,95748,377092,?원?포IC,?천?이?스IC,"(35.8004394323713, 128.479088694494)","(35.8188440032486, 128.509883984976)"
621,,45104-1,?천?이?스IC~??구IC,56263.97802,44916,46632,72191,220002.978,?천?이?스IC,??구IC,"(35.8188440032486, 128.509883984976)","(35.8369731261124, 128.527739872116)"
622,,45105,??구IC~??구IC,40307,47109,48501,51261,187178,??구IC,??구IC,"(35.8369731261124, 128.527739872116)","(35.8778938214523, 128.531049949088)"
623,,45107,??구IC~금호JCT,126193,123205,130830,126685,506913,??구IC,금호JCT,"(35.8778938214523, 128.531049949088)","(35.8926208154639, 128.525211410393)"
624,중앙????55104,김?JCT~??JCT,55338,41888,43509,42148,182883,김?JCT,??JCT,"(35.2817692863646, 128.985103583385)","(35.2817692863646, 128.985103583385)",
625,,55101,??JCT~물금IC,124979,121026,104367,98745,449117,??JCT,물금IC,"(35.2817692863646, 128.985103583385)","(35.3085336239177, 129.012141901249)"
626,,55102,물금IC~?양?IC,108344,83212,87299,85241,364096,물금IC,?양?IC,"(35.3085336239177, 129.012141901249)","(35.3253152788186, 129.02538762982)"
627,,55103,?양?IC~?산JCT,113866,92271,83305,78527,367969,?양?IC,?산JCT,"(35.3253152788186, 129.02538762982)","(35.3307763601126, 129.034606984977)"
628,부?외곽순?선,60001,진영JCT~진영IC,56263.97802,28312,30080,29753,144408.978,진영JCT,진영IC,"(35.2789407585007, 128.719814954569)","(35.299741864584, 128.767220971579)"
629,,60002,진영IC~?림IC,56263.97802,30271,33500,33773,153807.978,진영IC,?림IC,"(35.299741864584, 128.767220971579)","(35.2948481037932, 128.814276179488)"
630,,60003,?림IC~광재IC,56263.97802,32044,36227,37521,162055.978,?림IC,광재IC,"(35.2948481037932, 128.814276179488)","(35.3053300346724, 128.896585788471)"
631,,60004,광재IC~?감JCT,56263.97802,38061,46374,47673,188371.978,광재IC,?감JCT,"(35.3053300346724, 128.896585788471)","(35.2699102247091, 128.983772438181)"
632,,60005,?감JCT~김???하?패?IC,56263.97802,19834,60393,59182,195672.978,?감JCT,김???하?패?IC,"(35.2699102247091, 128.983772438181)","(35.2711357085524, 129.003023348898)"
633,,60006,김???하?패?IC~?포JCT,56263.97802,54222,59224,57470,227179.978,김???하?패?IC,?포JCT,"(35.2711357085524, 129.003023348898)","(35.2878485817516, 129.100627098174)"
634,,60007,?포JCT~금정IC,56263.97802,44398,51848,52002,204511.978,?포JCT,금정IC,"(35.2878485817516, 129.100627098174)","(35.2836618189915, 129.112115454388)"
635,,60008,금정IC~기장철마IC,56263.97802,47023,51750,53087,208123.978,금정IC,기장철마IC,"(35.2836618189915, 129.112115454388)","(35.283714704608, 129.150220829684)"
636,,60009,기장철마IC~기장JC,56263.97802,45094,49612,52342,203311.978,기장철마IC,기장JC,"(35.283714704608, 129.150220829684)","(35.280873044243, 129.225787400477)"
